fid,gisid,bez,kat,area_m2
0,S01,Blankenburger Süden,2027 - 2031,2528306
1,S02,Buch – Am Sandhaus,Bis 2026,2531319
2,S03,Buckower Felder,Im Bau,2518697
3,S04,Europacity,Größtenteils abgeschlossen,2525244
4,S05,Wasserstadt Berlin-Oberhavel,Im Bau,2526432
5,S06,Das Neue Gartenfeld,Bis 2026,2526193
6,S07,Johannisthal/Adlershof,Im Bau,2520005
7,S08,Ehem. Güterbahnhof Köpenick,2027 - 2031,2521214
8,S09,Lichterfelde Süd,Bis 2026,2518146
9,S10,Michelangelostraße,2032 - 2040,2525937
10,S11,Schumacher Quartier,Bis 2026,2526914
11,S12,Ehem. Rangierbahnhof Pankow (Pankower Tor),2027 - 2031,2527602
12,S13,Neue Mitte Tempelhof,2027 - 2031,2521292
13,S14,Schöneberger Linse,Im Bau,2522112
14,S15,Siemensstadt Square,2027 - 2031,2525585
15,S16,Stadtgut Hellersdorf,Größtenteils abgeschlossen,2525859
16,S17,Elisabeth-Aue,Bis 2026,2529632
17,S18,Georg-Knorr-Park,Bis 2026,2526039
18,S19,Dreieck Späthsfelde,2032 - 2040,2521011
19,S20,Alte Schäferei,2027 - 2031,2530339
20,S21,Projektverbund Karow Süd,2027 - 2031,2529515
21,S22,Karl-Bonhoeffer-Nervenklinik,Bis 2026,2528016
22,S23,Stadteingang West,2032 - 2040 (in Vorbereitung),2523059
23,S24,TXL Nord,2032 - 2040 (in Vorbereitung),2527179
