fid,plr_schl,plrname,nat_pers,wohmi_fl,jur_pers,jp_ohn_swg,stwbg,genossen,sozvermiet,plr_id,area_m2
0,01100101,Stülerstraße,44,130609,53,48.23,4.77,0,6.77,01100101,363590
1,01100102,Großer Tiergarten,35,157180,33,33,0,0,16,01100102,3909813
2,01100103,Lützowstraße,48,170329,41,35.67,5.33,0,13.33,01100103,517827
3,01100104,Körnerstraße,56,109301,31,23.25,7.75,0,20.75,01100104,335591
4,01100205,Wilhelmstraße,7,195941,66,61.38,4.62,0,28.62,01100205,629171
5,01100206,Unter den Linden,25,156085,54,39.96,14.04,0,34.04,01100206,1286413
6,01100207,Leipziger Straße,30,228844,57,35.91,21.09,0,34.09,01100207,757145
7,01100308,Charitéviertel,50,302962,36,30.6,5.4,0,18.4,01100308,1668925
8,01100309,Oranienburger Straße,54,441391,43,27.95,15.05,0,17.05,01100309,1003188
9,01100310,Alexanderplatzviertel,32,235613,63,28.98,34.02,0,40.02,01100310,1353978
10,01100311,Karl-Marx-Allee,23,177055,60,9,33,18,66,01100311,801310
11,01100312,Heine-Viertel West,33,246223,65,16.25,8.45,40.3,49.75,01100312,638322
12,01100313,Heine-Viertel Ost,40,309362,55,26.4,13.2,15.4,30.6,01100313,711935
13,01100414,Nordbahnhof,61,123383,39,25.35,4.29,9.36,13.65,01100414,369950
14,01100415,Invalidenstraße,72,373755,20,16,3.4,0.6,4,01100415,773887
15,01100416,Arkonaplatz,80,314820,17,11.56,4.25,1.19,6.44,01100416,597155
16,01200517,Huttenkiez,28,149183,70,67.2,0.7,2.1,4.8,01200517,2465238
17,01200518,Beusselkiez,69,126211,31,26.35,4.65,0,4.65,01200518,234943
18,01200519,Emdener Straße,68,192791,31,28.21,2.79,0,2.79,01200519,344393
19,01200520,Bremer Straße,70,211897,30,24,5.4,0.6,6,01200520,426536
20,01200521,Zwinglistraße,52,103311,47,39.48,2.82,4.7,8.52,01200521,165270
21,01200522,Elberfelder Straße,72,263119,25,17.25,0.75,7,9.75,01200522,634248
22,01200623,Stephankiez,64,229454,28,26.88,1.12,0,7.12,01200623,889449
23,01200624,Heidestraße,25,220607,71,64.61,6.39,0,9.39,01200624,682458
24,01200625,Lübecker Straße,63,134162,37,17.39,17.76,1.85,19.61,01200625,322439
25,01200626,Thomasiusstraße,64,155725,30,29.1,0.3,0.6,1.9,01200626,548316
26,01200627,Zillesiedlung,16,80127,45,16.65,28.35,0,67.35,01200627,172891
27,01200628,Lüneburger Straße,35,120005,22,22,0,0,43,01200628,739443
28,01200629,Hansaviertel,72,239603,11,8.69,2.31,0,17.31,01200629,530304
29,01300730,Drontheimer Straße,39,160650,58,44.66,11.6,1.74,15.34,01300730,449575
30,01300731,Koloniestraße,50,223676,39,30.03,7.8,1.17,20.97,01300731,661943
31,01300732,Soldiner Straße,39,238555,58,20.3,24.94,12.76,38.7,01300732,583818
32,01300733,Gesundbrunnen,37,221072,62,40.92,11.16,9.92,21.08,01300733,653396
33,01300834,Brunnenstraße,13,336638,83,24.07,55.61,3.32,61.93,01300834,769146
34,01300835,Humboldthain Süd,18,245409,78,28.08,18.72,31.2,50.92,01300835,1095184
35,01300836,Humboldthain Nordwest,45,371856,52,35.36,11.96,4.68,18.64,01300836,1430338
36,01400937,Afrikanische Straße,31,432537,69,52.44,16.56,0,16.56,01400937,3646396
37,01400938,Kameruner Straße,58,289057,31,25.73,0,5.27,17.27,01400938,1186897
38,01400939,Glasgower Straße,46,95887,52,21.32,30.68,0,31.68,01400939,362036
39,01400940,Schillerpark,2,300933,90,0.9,70.2,18.9,89.1,01400940,911139
40,01400941,Londoner Straße,82,185858,18,3.24,14.76,0,14.76,01400941,446906
41,01400942,Westliche Müllerstraße,66,158750,32,21.44,6.72,3.84,11.56,01400942,527283
42,01401043,Antonstraße,37,147076,62,37.2,6.82,17.98,24.8,01401043,296523
43,01401044,Uferstraße,43,214163,56,44.24,11.76,0,11.76,01401044,487778
44,01401045,Schwedenstraße,54,129522,46,27.6,18.4,0,18.4,01401045,265873
45,01401046,Nordufer,62,150990,38,30.78,0,7.22,7.22,01401046,322575
46,01401047,Sparrplatz,49,137138,38,30.02,5.7,2.28,8.98,01401047,306843
47,01401048,Leopoldplatz,43,166820,57,44.46,5.13,7.41,12.54,01401048,405326
48,01401049,Schulstraße,31,119785,58,41.18,3.48,13.34,27.82,01401049,401123
49,02100101,Askanischer Platz,26,180847,59,48.38,10.62,0,25.62,02100101,704829
50,02100102,Mehringplatz,22,201631,73,27.01,45.99,0,50.99,02100102,618906
51,02100103,Am Berlin Museum,14,158957,78,56.94,21.06,0,28.06,02100103,409661
52,02100104,Moritzplatz,18,123730,81,32.4,48.6,0,50.6,02100104,377325
53,02100105,Prinzenstraße,24,226197,76,43.32,32.68,0,32.68,02100105,419539
54,02100106,Wassertorplatz,19,117971,80,25.6,54.4,0,55.4,02100106,385544
55,02200207,Gleisdreieck,23,126145,74,54.02,0.74,19.24,22.98,02200207,739628
56,02200208,Rathaus Yorckstraße,66,151914,33,29.7,3.3,0,4.3,02200208,425071
57,02200209,Viktoriapark,72,277754,26,21.06,0.26,4.68,5.94,02200209,687233
58,02200210,Urbanstraße,70,279864,29,28.13,0.29,0.58,2.87,02200210,908742
59,02200211,Chamissokiez,58,311462,38,24.7,12.92,0.38,16.3,02200211,968446
60,02200212,Graefekiez Süd,56,216102,42,23.52,18.06,0.42,20.48,02200212,387557
61,02200213,Graefekiez Nord,72,225257,26,24.18,0.52,1.3,2.82,02200213,587153
62,02300314,Oranienplatz,29,178514,68,39.44,23.8,4.76,31.56,02300314,440040
63,02300315,Lausitzer Platz,45,181594,50,16.5,27,6.5,36.5,02300315,347933
64,02300316,Köpenicker Straße,28,124059,72,72,0,0,0,02300316,467360
65,02300417,Reichenberger Straße West,63,201430,33,17.49,12.87,2.64,19.51,02300417,366467
66,02300418,Reichenberger Straße Ost,65,183652,33,23.1,8.91,0.99,11.9,02300418,594402
67,02300419,Wrangelkiez,65,216519,34,29.58,4.08,0.34,5.42,02300419,521984
68,02400520,Barnimkiez,18,98608,81,7.29,63.18,10.53,74.71,02400520,933809
69,02400521,Friedenstraße,49,194436,51,12.75,36.72,1.53,38.25,02400521,725483
70,02400522,Richard-Sorge-Viertel,48,258036,52,21.32,24.96,5.72,30.68,02400522,549980
71,02400623,Andreasviertel,30,336173,65,24.7,38.35,1.95,45.3,02400623,914012
72,02400624,Weberwiese,52,301229,48,21.12,14.4,12.48,26.88,02400624,560145
73,02400625,Wriezener Bahnhof,22,56519,71,71,0,0,8,02400625,856812
74,02500726,Hausburgviertel,62,167937,38,20.9,12.54,4.56,17.1,02500726,306982
75,02500727,Forckenbeckplatz,59,128548,41,18.45,17.22,5.33,22.55,02500727,335288
76,02500728,Samariterviertel,61,177878,38,31.16,3.04,3.8,6.84,02500728,308118
77,02500729,Pettenkofer Straße,70,94103,29,17.11,4.64,7.25,12.89,02500729,319856
78,02500830,Niederbarnimstraße,76,83248,22,9.9,8.58,3.52,15.1,02500830,163969
79,02500831,Wismarplatz,71,148662,29,15.37,12.47,1.16,13.63,02500831,246854
80,02500832,Traveplatz,61,164494,39,26.52,11.7,0.78,12.48,02500832,366469
81,02500833,Boxhagener Platz,69,193967,31,23.25,6.51,1.24,7.75,02500833,337290
82,02500834,Revaler Straße,68,211170,30,19.2,1.5,9.3,10.8,02500834,490166
83,02500835,Stralauer Kiez,47,226714,46,23.46,17.02,5.52,28.54,02500835,1343486
84,02500836,Stralauer Halbinsel,81,224850,15,10.35,4.65,0,8.65,02500836,1106886
85,03100101,Bucher Forst,47,1589196,49,39.2,9.31,0.49,13.8,03100101,18275289
86,03100102,Klinikum Buch,69,484508,30,13.8,16.2,0,16.2,03100102,2716992
87,03100103,Karower Chaussee,9,372640,66,0,40.92,25.08,92,03100103,1864635
88,03200204,Blankenfelde,83,553173,1,1,0,0,9,03200204,12990238
89,03200205,Uhlandstraße,80,1074105,13,9.62,3.12,0.26,10.38,03200205,2396039
90,03200206,Pastor-Niemöller-Platz,78,631203,15,7.8,3.9,3.3,11.2,03200206,1096759
91,03200207,Herthaplatz,88,1158307,11,8.14,2.75,0.11,3.86,03200207,3060440
92,03200308,Nisbléstraße,91,807472,8,8,0,0,0,03200308,1126991
93,03200309,Eddastraße,86,1202208,11,10.01,0.99,0,2.99,03200309,3048007
94,03200310,Krugpfuhl,82,832306,16,13.44,2.56,0,4.56,03200310,2253283
95,03300411,Karow Nord,58,927498,40,32,8,0,11,03300411,1657292
96,03300412,Karow Bahnhof,98,1482436,2,1.82,0.18,0,0.18,03300412,3059325
97,03300413,Karow Ost,96,819936,4,4,0,0,0,03300413,1852395
98,03300514,Blankenburg,92,1887313,4,3.96,0.04,0,4.04,03300514,4689057
99,03300515,Blankenburger Süden,9,139503,91,9.1,81.9,0,82.9,03300515,1154664
100,03300516,Heinersdorf,78,1535725,20,14,6,0,8,03300516,3879007
101,03300517,Märchenland,92,505991,2,1.96,0.04,0,6.04,03300517,5784775
102,03400618,Rosenthal,94,757416,5,4.6,0.4,0,0.4,03400618,1786417
103,03400619,Wilhelmsruh,82,1102975,18,6.12,0.9,10.98,11.88,03400619,2154894
104,03400620,Schönholz,85,506417,11,7.37,0.22,3.41,6.63,03400620,1896540
105,03400721,Florakiez,66,384441,32,18.24,11.2,2.56,13.76,03400721,788605
106,03400722,Parkstraße,73,251522,16,10.88,5.12,0,9.12,03400722,505984
107,03400723,Garbátyplatz,51,302524,49,26.46,19.6,2.94,22.54,03400723,603863
108,03400724,Wolfshagener Straße,23,355253,75,42,28.5,4.5,36,03400724,764654
109,03400725,Schlosspark,53,441999,47,5.17,18.8,23.03,41.83,03400725,1250516
110,03400826,Tiroler Viertel,25,282574,70,10.5,22.4,37.1,64.5,03400826,654149
111,03400827,Trelleborger Viertel,33,265599,66,23.1,28.38,14.52,43.9,03400827,410219
112,03400828,Spiekermann Straße,41,176230,58,14.5,0.58,42.92,43.5,03400828,361727
113,03400829,Arnold-Zweig-Straße,17,223722,61,42.09,10.98,7.93,40.91,03400829,397698
114,03400830,Kissingenviertel,29,331298,71,20.59,18.46,31.95,50.41,03400830,654535
115,03400831,Pankower Tor,,175940,,,,,,03400831,530922
116,03500932,Bühringstraße,43,375223,57,18.81,27.36,10.83,38.19,03500932,985207
117,03500933,Weißer See,59,381274,37,13.32,12.21,11.47,23.68,03500933,1047462
118,03500934,Weißenseer Spitze,59,365181,39,23.79,12.87,2.34,16.21,03500934,622486
119,03500935,Behaimstraße,59,242391,39,19.89,17.16,1.95,20.11,03500935,435661
120,03500936,Komponistenviertel Weißensee,46,357232,52,12.48,13.52,26,40.52,03500936,1111232
121,03501037,Rathaus Weißensee,44,416232,53,13.78,10.07,29.15,42.22,03501037,1732207
122,03501038,Hansastraße,47,549893,48,19.68,16.32,12,33.32,03501038,1949905
123,03601139,Norweger Viertel,56,104100,43,27.09,15.91,0,15.91,03601139,450704
124,03601140,Malmöer Straße,68,100465,29,27.26,1.74,0,2.74,03601140,278407
125,03601141,Arnimplatz,69,129492,28,25.2,2.8,0,4.8,03601141,284621
126,03601142,Falkplatz,63,199674,35,28,6.3,0.7,8,03601142,900646
127,03601243,Rodenbergstraße,43,144102,51,27.03,14.79,9.18,23.97,03601243,327115
128,03601244,Humannplatz,56,161514,44,22,20.24,1.76,22,03601244,361477
129,03601245,Ostseestraße,21,450229,79,36.34,29.23,13.43,42.66,03601245,958578
130,03601346,Gethsemanekirche,47,114860,52,30.16,6.24,15.6,22.84,03601346,192092
131,03601347,Helmholtzplatz,71,185214,28,17.92,7,3.08,10.08,03601347,295478
132,03601348,Senefelderstraße,77,128724,23,18.17,4.14,0.69,4.83,03601348,218242
133,03601449,Michelangelostraße,9,300230,91,7.28,18.2,65.52,83.72,03601449,851642
134,03601450,Volkspark Prenzlauer Berg,62,207968,38,2.66,17.1,18.24,35.34,03601450,1202369
135,03601451,Anton-Saefkow-Park,75,169692,25,9.75,14.5,0.75,15.25,03601451,542617
136,03601452,Velodrom,43,112424,57,16.53,35.34,5.13,40.47,03601452,547595
137,03601453,Alter Schlachthof,71,149487,29,29,0,0,0,03601453,572440
138,03701554,Teutoburger Platz,74,272595,25,13.75,9,2.25,11.25,03701554,544128
139,03701555,Sredzkistraße,62,159763,35,18.55,15.75,0.7,16.45,03701555,312019
140,03701556,Kollwitzplatz,68,194656,32,21.44,5.76,4.8,10.56,03701556,503110
141,03701657,Thälmannpark,15,63431,85,24.65,51.85,8.5,60.35,03701657,437938
142,03701658,Christburger Straße,71,148373,29,22.91,6.09,0,6.09,03701658,231047
143,03701659,Immanuelkirchstraße,74,178905,26,17.68,7.8,0.52,8.32,03701659,412795
144,03701660,Bötzowstraße,65,280729,33,13.86,19.14,0,19.14,03701660,566177
145,04100101,Jungfernheide/Plötzensee,23,695184,69,48.99,15.87,4.14,28.01,04100101,5209429
146,04100102,Paul-Hertz-Siedlung,3,319539,84,0,84,0,97,04100102,533708
147,04200203,Olympiagelände,76,268377,15,3.75,5.85,5.4,20.25,04200203,3237303
148,04200204,Angerburger Allee,59,219758,34,34,0,0,0,04200204,358351
149,04200205,Flatowallee,70,379593,23,23,0,0,6,04200205,969709
150,04200206,Kranzallee,74,567390,18,16.38,1.62,0,7.62,04200206,1472803
151,04200207,Eichkamp,74,570453,13,10.14,2.86,0,14.86,04200207,17283568
152,04200308,Branitzer Platz,75,548325,11,6.05,1.65,3.3,15.95,04200308,2732694
153,04200309,Neu Westend,63,389773,26,24.7,1.3,0,11.3,04200309,671776
154,04200310,Fürstenplatz,74,475719,19,17.67,1.33,0,5.33,04200310,923708
155,04200311,Königin-Elisabeth-Straße,32,178639,66,19.14,9.9,36.96,48.86,04200311,1542698
156,04300412,Schlossgarten,40,176650,48,44.64,3.36,0,15.36,04300412,1250648
157,04300413,Klausenerplatz,35,260436,63,15.75,46.62,0.63,49.25,04300413,474732
158,04300414,Schloßstraße,62,234485,30,20.1,1.2,8.7,15.9,04300414,557691
159,04300415,Lietzensee,75,171405,17,13.77,1.36,1.87,11.23,04300415,627759
160,04300416,Amtsgerichtsplatz,80,281430,17,15.47,1.36,0.17,3.53,04300416,575672
161,04300517,Tegeler Weg,59,219779,39,28.08,0.39,10.53,11.92,04300517,514896
162,04300518,Kaiserin-Augusta-Allee,55,130136,42,22.68,13.86,5.46,20.32,04300518,1365459
163,04300619,Alt-Lietzow,66,240710,26,18.98,4.42,2.6,13.02,04300619,532223
164,04300620,Spreestadt,61,110779,39,34.32,4.68,0,4.68,04300620,709780
165,04300621,Richard-Wagner-Straße,59,272875,38,23.94,14.06,0,17.06,04300621,546174
166,04300622,Ernst-Reuter-Platz,34,129281,55,27.5,17.05,10.45,37.5,04300622,951764
167,04300623,Karl-August-Platz,60,296154,37,36.26,0.74,0,3.74,04300623,577832
168,04300624,Savignyplatz,74,258446,21,18.27,2.73,0,6.73,04300624,530120
169,04400725,Güterbahnhof Grunewald,,149127,,,,,,04400725,538803
170,04400726,Bismarckallee,82,830693,10,9.4,0.6,0,4.6,04400726,1415821
171,04400727,Flinsberger Platz,64,499390,32,25.28,3.2,3.52,9.72,04400727,906641
172,04400728,Hagenplatz,86,662012,9,9,0,0,1,04400728,935114
173,04400729,Hundekehle,83,700904,8,7.04,0.96,0,7.96,04400729,3719876
174,04400830,Forckenbeckstraße,61,395505,38,27.36,5.32,5.32,11.64,04400830,1480758
175,04400831,Messelpark,78,383275,12,12,0,0,6,04400831,539675
176,04400832,Breite Straße,49,341237,49,16.17,3.43,29.4,34.83,04400832,660958
177,04400833,Schlangenbader Straße,21,168782,45,28.8,16.2,0,50.2,04400833,349911
178,04400834,Binger Straße,72,172685,17,9.18,0.68,7.14,12.82,04400834,419200
179,04400835,Rüdesheimer Platz,50,377833,48,38.88,0,9.12,11.12,04400835,594552
180,04500936,Droysenstraße,71,126304,26,23.92,2.08,0,2.08,04500936,271154
181,04500937,Halensee,64,215033,32,29.12,2.88,0,6.88,04500937,703279
182,04500938,Hochmeisterplatz,69,232145,28,23.8,4.2,0,8.2,04500938,513103
183,04500939,Eisenzahnstraße,53,220924,41,29.93,9.43,1.64,15.07,04500939,750479
184,04501040,Hindemithplatz,68,179058,27,26.46,0.54,0,2.54,04501040,300571
185,04501041,George-Grosz-Platz,70,210661,28,26.88,1.12,0,1.12,04501041,460714
186,04501042,Breitscheidplatz,46,150992,53,53,0,0,1,04501042,598550
187,04501043,Preußenpark,77,294658,22,17.82,0.44,3.74,5.18,04501043,620323
188,04501044,Ludwigkirchplatz,71,160081,23,21.16,0,1.84,7.84,04501044,312124
189,04501045,Schaperstraße,80,262716,18,14.76,3.24,0,5.24,04501045,585623
190,04501146,Barstraße,55,164559,37,27.01,9.99,0,9.99,04501146,662458
191,04501147,Leon-Jessel-Platz,71,124084,27,26.46,0.54,0,1.54,04501147,246385
192,04501148,Brabanter Platz,61,110423,31,22.94,1.24,6.82,15.06,04501148,416255
193,04501149,Nikolsburger Platz,76,261502,19,18.05,0.95,0,2.95,04501149,437603
194,04501150,Wilhelmsaue,82,77781,12,12,0,0,6,04501150,292116
195,04501151,Hildegardstraße,58,184986,39,21.06,10.53,7.41,20.94,04501151,320680
196,04501152,Prager Platz,68,195900,29,22.04,6.96,0,6.96,04501152,346775
197,04501153,Babelsberger Straße,71,180708,27,24.57,2.43,0,3.43,04501153,580657
198,05100101,Hakenfelde Nord,64,395244,34,34,0,0,1,05100101,16056456
199,05100102,Am Forstacker,35,235875,61,39.04,0,21.96,24.96,05100102,318594
200,05100103,Mertensstraße,46,197523,53,25.44,27.56,0,28.56,05100103,713974
201,05100104,Maselake,22,260711,78,60.06,9.36,8.58,17.94,05100104,555259
202,05100105,Amorbacher Weg,81,916056,14,2.8,0,11.2,15.2,05100105,2185971
203,05100206,Griesingerstraße,11,542574,43,32.68,10.32,0,55.32,05100206,1923573
204,05100207,An der Tränke,85,404974,14,14,0,0,0,05100207,587970
205,05100208,Im Spektefeld,51,773268,29,13.63,15.37,0,35.37,05100208,1752146
206,05100209,Westerwaldstraße,16,548918,83,62.25,20.75,0,21.75,05100209,741442
207,05100210,Germersheimer Platz,39,386635,59,46.61,12.39,0,14.39,05100210,540637
208,05100211,An der Kappe,93,874525,5,4.7,0.3,0,1.3,05100211,1391831
209,05100312,Eckschanze,56,125637,43,42.57,0.43,0,0.43,05100312,330203
210,05100313,Eiswerder,42,252240,54,31.32,7.56,15.12,25.68,05100313,1652613
211,05100314,Kurstraße,72,168198,22,20.68,1.32,0,5.32,05100314,471511
212,05100315,Ackerstraße,75,205805,24,21.84,2.16,0,3.16,05100315,485437
213,05100316,Carl-Schurz-Straße,43,429160,55,16.5,38.5,0,40.5,05100316,1366661
214,05100317,Freiheit,64,108930,31,23.25,7.75,0,8.75,05100317,2260366
215,05200418,Isenburger Weg,97,990779,1,1,0,0,1,05200418,1274841
216,05200419,Am Heideberg,0,235456,100,0,0,100,100,05200419,418926
217,05200420,Staakener Straße,91,1022652,7,6.86,0.14,0,1.14,05200420,2606504
218,05200421,Spandauer Straße,63,295684,28,28,0,0,9,05200421,714262
219,05200422,Werkstraße,68,248871,27,23.22,3.78,0,6.78,05200422,1178380
220,05200423,Magistratsweg,35,333067,65,37.05,27.95,0,27.95,05200423,635391
221,05200524,Döberitzer Weg,81,578674,13,11.44,1.56,0,7.56,05200524,1647391
222,05200525,Pillnitzer Weg,77,254394,22,16.72,5.28,0,5.28,05200525,1463035
223,05200526,Rudolf-Wissell-Großsiedlung,7,212246,93,75.33,17.67,0,17.67,05200526,376037
224,05200527,Maulbeerallee,28,531788,72,6.48,63.36,2.16,65.52,05200527,1300977
225,05200528,Weinmeisterhornweg,80,990332,10,2.6,7.4,0,16.4,05200528,2715095
226,05200629,Borkumer Straße,61,351337,36,36,0,0,0,05200629,1314902
227,05200630,Wilhelmstadt West,58,337067,40,38.4,0.8,0.8,3.6,05200630,901740
228,05200631,Wilhelmstadt Ost,42,310442,56,50.96,5.04,0,8.04,05200631,537734
229,05200632,Tiefwerder,56,204672,38,9.12,25.84,3.04,34.88,05200632,1552223
230,05200633,Graetschelsteig,17,111049,83,0,76.36,6.64,83,05200633,486827
231,05200634,Börnicker Straße,85,711016,15,8.85,0,6.15,6.15,05200634,3702050
232,05300735,Haveleck,44,195197,53,11.66,41.34,0,43.34,05300735,1025252
233,05300736,Zitadellenweg,61,184700,39,32.37,6.63,0,6.63,05300736,2598722
234,05300737,Gartenfelder Straße,34,573925,65,2.6,62.4,0,62.4,05300737,1033575
235,05300838,Gartenfeld,0,156714,100,62,32,6,38,05300838,927515
236,05300839,Rohrdamm,56,532025,44,36.08,0.44,7.48,7.92,05300839,1208212
237,05300840,Nonnendammallee,9,90186,91,71.89,19.11,0,19.11,05300840,3248871
238,05300841,Siemensdamm,52,118963,48,32.64,0.96,14.4,15.36,05300841,265833
239,05400942,Alt-Gatow,81,1024719,8,5.04,2.96,0,13.96,05400942,11404688
240,05400943,Jägerallee,88,2372724,11,6.49,4.51,0,4.51,05400943,7262724
241,05400944,Kladower Damm,90,546934,6,6,0,0,4,05400944,4270757
242,05400945,Kafkastraße,87,891361,3,2.58,0,0.42,8.42,05400945,1719971
243,06100101,Fichtenberg,70,561490,27,15.66,1.35,9.99,12.34,06100101,980536
244,06100102,Schloßstraße,77,281833,22,18.92,0.44,2.64,4.08,06100102,484046
245,06100103,Markelstraße,75,186302,24,18,0.24,5.76,6,06100103,456976
246,06100204,Munsterdamm,55,395654,41,32.39,0.82,7.79,12.61,06100204,1105126
247,06100205,Südende,69,547984,25,24.5,0.5,0,5.5,06100205,842414
248,06100206,Stadtpark,54,331054,28,19.6,0,8.4,16.4,06100206,703985
249,06100207,Mittelstraße,71,339270,27,19.71,1.62,5.67,9.29,06100207,672942
250,06100208,Bergstraße,69,290997,28,17.64,0.56,9.8,12.36,06100208,614510
251,06100209,Feuerbachstraße,70,301888,27,11.07,5.13,10.8,15.93,06100209,627790
252,06100210,Bismarckstraße,45,156455,53,27.03,1.59,24.38,25.97,06100210,233407
253,06200311,Alt-Lankwitz,72,473300,23,15.18,0,7.82,11.82,06200311,983736
254,06200312,Komponistenviertel Lankwitz,86,648394,13,10.01,0.65,2.34,2.99,06200312,1225338
255,06200313,Lankwitz Kirche,49,374250,50,22.5,11.5,16,28.5,06200313,691882
256,06200314,Kaiser-Wilhelm-Straße,69,445577,30,8.7,15,6.3,21.3,06200314,726107
257,06200315,Gallwitzallee,59,432662,39,27.69,11.31,0,11.31,06200315,1163318
258,06200316,Belßstraße,16,261172,81,70.47,4.05,6.48,13.53,06200316,664906
259,06200317,Lankwitz Süd,83,977049,16,12.32,3.04,0.64,3.68,06200317,1466231
260,06200418,Landweg,,776759,,,,,,06200418,1093489
261,06200419,Thermometersiedlung,33,218758,64,19.2,44.8,0,47.8,06200419,317794
262,06200420,Lichterfelde Süd,67,599286,31,10.54,5.89,14.57,21.46,06200420,1356202
263,06200421,Königsberger Straße,75,904806,20,14.8,0.6,4.6,9.2,06200421,2015009
264,06200422,Oberhofer Platz,91,847747,8,6.4,0.4,1.2,1.6,06200422,1353291
265,06200423,Schütte-Lanz-Straße,84,1102638,15,4.5,10.35,0.15,10.5,06200423,1723080
266,06300524,Berlepschstraße,75,861178,22,12.32,0,9.68,12.68,06300524,1727640
267,06300525,Zehlendorf Süd,43,479576,35,32.9,2.1,0,24.1,06300525,1299337
268,06300526,Zehlendorf Mitte,83,354411,15,12.75,2.25,0,4.25,06300526,896016
269,06300527,Sundgauer Straße,66,565305,22,17.6,0,4.4,16.4,06300527,970006
270,06300528,Teltower Damm,92,1735276,6,5.7,0.12,0.18,2.3,06300528,3086908
271,06300629,Botanischer Garten,73,517308,19,11.02,0,7.98,13.98,06300629,1402671
272,06300630,Hindenburgdamm,81,308496,17,13.94,0.68,2.38,3.06,06300630,737409
273,06300631,Goerzwerke,53,265472,39,38.61,0.39,0,8.39,06300631,1765042
274,06300632,Schweizer Viertel,87,1663336,7,3.5,1.82,1.68,7.5,06300632,3053575
275,06300633,Augustaplatz,87,1067818,10,7.6,1.9,0.5,4.4,06300633,1651188
276,06300634,Lichterfelde West,91,1084621,7,3.99,0.07,2.94,5.01,06300634,1568172
277,06400735,Wannsee,86,2268112,10,9.2,0.4,0.4,2.8,06400735,23485968
278,06400736,Düppel,60,546252,11,7.37,3.63,0,33.63,06400736,3097375
279,06400737,Nikolassee,78,2044500,13,11.57,1.43,0,7.43,06400737,16327711
280,06400838,Krumme Lanke,88,1584965,11,7.7,0,3.3,3.3,06400838,6355801
281,06400839,Fischerhüttenstraße,83,937719,15,13.8,1.2,0,3.2,06400839,1814252
282,06400840,Fischtal,76,813872,24,22.56,0,1.44,1.44,06400840,1371787
283,06400841,Zehlendorf Eiche,77,806456,20,18.8,0,1.2,2.2,06400841,1091013
284,06400842,Hüttenweg,43,514598,55,55,0,0,1,06400842,2946615
285,06400843,Thielallee,81,873546,10,6.6,0,3.4,11.4,06400843,2090646
286,06400844,Dahlem,82,1652055,10,8.7,1.3,0,4.3,06400844,3276929
287,07100101,Wittenbergplatz,58,279608,39,29.64,8.97,0.39,12.36,07100101,615673
288,07100102,Kalckreuthstraße,67,226360,32,24,8,0,10,07100102,512084
289,07100103,Frobenstraße,29,180880,69,24.15,44.85,0,47.85,07100103,339120
290,07100204,Barbarossaplatz,82,259229,17,15.64,0.51,0.85,1.36,07100204,510537
291,07100205,Alvenslebenstraße,25,152197,75,17.25,57.75,0,57.75,07100205,314719
292,07100206,Großgörschenstraße,51,181346,48,23.04,24,0.96,24.96,07100206,529948
293,07200307,Bayerischer Platz,75,273130,24,12.24,8.64,3.12,11.76,07200307,519315
294,07200308,Volkspark (Rudolph-Wilde-Park),63,223379,36,21.24,14.76,0,14.76,07200308,621015
295,07200409,Belziger Straße,65,238733,33,27.06,5.94,0,6.94,07200409,525825
296,07200410,Feurigstraße,41,124438,54,18.36,34.02,1.62,39.64,07200410,248218
297,07200411,Julius-Leber-Brücke,43,60267,57,14.82,42.18,0,42.18,07200411,133840
298,07200412,Schöneberger Linse,36,58883,60,42,16.2,1.8,22,07200412,229138
299,07200413,Cheruskerstraße,80,144287,20,18.4,1.6,0,2.6,07200413,789866
300,07200414,Hohenfriedbergstraße,81,79412,15,14.25,0.75,0,1.75,07200414,261224
301,07300515,Taunusstraße,85,213666,15,15,0,0,0,07300515,363683
302,07300516,Odenwaldstraße,82,273252,17,15.13,1.53,0.34,1.87,07300516,454366
303,07300517,Perelsplatz,77,317276,23,20.01,2.99,0,2.99,07300517,630723
304,07300618,Ceciliengärten,84,325530,15,11.1,3.9,0,3.9,07300618,562533
305,07300619,Grazer Platz,39,410144,60,60,0,0,0,07300619,2549562
306,07400720,Gontermannstraße,61,419348,37,15.54,21.46,0,22.46,07400720,1173590
307,07400721,Paradestraße,86,412027,13,12.35,0.65,0,0.65,07400721,4241137
308,07400822,Lindenhofsiedlung,9,143985,90,20.7,0,69.3,70.3,07400822,1439235
309,07400823,Wittekindstraße,16,410409,84,42,14.28,27.72,42,07400823,797859
310,07400824,Bosepark,72,255334,27,19.17,0.54,7.29,7.83,07400824,630808
311,07400825,Friedrich-Karl-Straße,60,207002,38,34.2,2.28,1.52,3.8,07400825,414570
312,07400826,Marienhöhe,52,442365,48,21.6,0,26.4,26.4,07400826,1158343
313,07400927,Rathaus Tempelhof,40,431584,49,36.26,2.94,9.8,22.74,07400927,3029854
314,07400928,Germaniagarten,59,222755,39,39,0,0,2,07400928,653968
315,07501029,Ringstraße,36,403106,63,34.65,15.75,12.6,29.35,07501029,1427664
316,07501030,Machonstraße,56,350575,41,14.35,0.82,25.83,26.65,07501030,591117
317,07501031,Eisenacher Straße,45,511479,47,15.98,3.29,27.73,39.02,07501031,1527050
318,07501032,Imbrosweg,61,589902,39,34.32,0,4.68,5.68,07501032,1219909
319,07501133,Fritz-Werner-Straße,49,467906,49,22.05,14.7,12.25,26.95,07501133,1738006
320,07501134,Hundsteinweg,81,1197581,18,7.02,2.88,8.1,10.98,07501134,2230654
321,07501135,Birnhornweg,98,416668,2,2,0,0,0,07501135,549784
322,07601236,Marienfelder Allee Nordwest,51,662697,46,24.84,13.34,7.82,24.16,07601236,1135121
323,07601237,Kirchstraße,92,649448,7,4.69,1.89,0.42,3.31,07601237,1222659
324,07601238,Marienfelde Nordost,62,304477,9,9,0,0,29,07601238,1964106
325,07601339,Tirschenreuther Ring West,23,282781,77,0,70.07,6.93,77,07601339,448755
326,07601340,Tirschenreuther Ring Ost,13,245028,87,20.88,33.06,33.06,66.12,07601340,409472
327,07601341,Diedersdorfer Weg,16,489766,12,8.04,3.96,0,75.96,07601341,3870726
328,07601442,Kettinger Straße,88,1586781,9,3.78,2.25,2.97,8.22,07601442,2322724
329,07601443,Töpchiner Weg,86,1497955,14,7.7,4.76,1.54,6.3,07601443,1965190
330,07601544,John-Locke-Straße,60,699888,35,10.15,22.75,2.1,25.85,07601544,1111320
331,07601545,Nahariyastraße,54,621201,44,23.32,11,9.68,22.68,07601545,890343
332,07601546,Franziusweg,94,1192509,4,3.2,0.32,0.48,2.8,07601546,1754846
333,07601547,Horstwalder Straße,78,562012,22,15.18,3.74,3.08,6.82,07601547,930765
334,07601548,Wittelsbacherstraße,96,633856,4,4,0,0,0,07601548,957364
335,08100101,Hasenheide,51,96180,48,35.52,12.48,0,13.48,08100101,858526
336,08100102,Schillerpromenade Nord,74,144359,26,22.88,2.6,0.52,3.12,08100102,584248
337,08100103,Schillerpromenade Süd,63,124356,36,15.84,14.04,6.12,20.16,08100103,474742
338,08100104,Wartheplatz,48,110540,52,34.84,17.16,0,17.16,08100104,546032
339,08100105,Silbersteinstraße,46,184562,50,46.5,0.5,3,6.5,08100105,459395
340,08100206,Flughafenstraße,60,168611,40,23.6,9.6,6.8,16.4,08100206,417833
341,08100207,Rollberg,25,186764,75,11.25,63.75,0,63.75,08100207,368248
342,08100208,Körnerpark,62,207368,38,29.26,3.42,5.32,9.74,08100208,548543
343,08100209,Glasower Straße,62,191326,36,23.04,4.32,8.64,13.96,08100209,583704
344,08100310,Maybachufer,75,136970,25,23.5,0.75,0.75,1.5,08100310,252574
345,08100311,Reuterplatz,74,144788,26,19.24,6.76,0,6.76,08100311,257228
346,08100312,Weichselplatz,59,232614,39,24.18,5.85,8.97,16.82,08100312,511310
347,08100313,Bouchéstraße,42,92907,58,11.6,0.58,45.82,46.4,08100313,138784
348,08100314,Donaustraße,68,140260,31,24.18,3.1,3.72,7.82,08100314,253546
349,08100415,Ganghoferstraße,57,126696,40,24,7.2,8.8,18,08100415,252992
350,08100416,Alt-Rixdorf,69,181770,27,15.39,11.61,0,14.61,08100416,331191
351,08100417,Braunschweiger Straße,60,164432,40,32.4,4,3.6,7.6,08100417,408848
352,08100418,Hertzbergplatz,44,196526,56,29.12,2.24,24.64,26.88,08100418,634510
353,08100419,Treptower Straße Nord,46,174111,48,29.76,1.44,16.8,24.24,08100419,426761
354,08100520,Weiße Siedlung,70,173836,29,29,0,0,1,08100520,1110316
355,08100521,Schulenburgpark,8,307483,92,3.68,71.76,16.56,88.32,08100521,2176801
356,08200622,Jahnstraße,46,172382,51,41.82,5.1,4.08,12.18,08200622,660789
357,08200623,Park am Buschkrug,38,266709,58,25.52,5.22,27.26,36.48,08200623,1167967
358,08200624,Tempelhofer Weg,31,330696,69,33.81,31.74,3.45,35.19,08200624,1178125
359,08200725,Mohriner Allee Nord,97,366101,2,2,0,0,1,08200725,1613870
360,08200726,Hufeisensiedlung,64,450825,36,19.08,16.92,0,16.92,08200726,978828
361,08200727,Parchimer Allee Süd,16,591482,82,77.9,4.1,0,5.1,08200727,1144953
362,08200728,Ortolanweg,3,48437,91,70.07,0,20.93,26.93,08200728,1174892
363,08200729,Britzer Garten,73,314503,5,5,0,0,21,08200729,3120175
364,08200730,Handwerker-Siedlung,15,765726,10,6.9,2.7,0.4,78.1,08200730,1362363
365,08200831,Buckow West,77,1077743,13,7.02,5.98,0,15.98,08200831,1442241
366,08200832,Buckow Mitte,62,1155840,35,16.45,13.3,5.25,22.55,08200832,2011312
367,08200833,Buckow Ost,70,796771,29,14.79,12.18,2.03,15.21,08200833,1095576
368,08300934,Gropiusstadt Nord-West,50,526191,50,50,0,0,0,08300934,838908
369,08300935,Gropiusstadt Süd-West,54,309786,46,40.94,0,5.06,5.06,08300935,670374
370,08301036,Gropiusstadt Mitte,25,255780,72,22.32,29.52,20.16,52.68,08301036,687746
371,08301037,Gropiusstadt Süd-Ost,2,302482,98,0,85.26,12.74,98,08301037,433478
372,08401138,Goldhähnchenweg,15,94724,83,1.66,32.37,48.97,81.34,08401138,132293
373,08401139,Vogelviertel Süd,80,437144,19,6.46,2.09,10.45,12.54,08401139,818376
374,08401140,Vogelviertel Nord,86,345706,13,3.38,1.95,7.67,9.62,08401140,436412
375,08401241,Blumenviertel,96,1532685,3,2.94,0.06,0,1.06,08401241,2098378
376,08401242,Zittauer Straße,69,1358232,6,0.89999,1.8,3.3,30.1,08401242,1902094
377,08401243,Alt-Rudow,87,1271531,10,8.7,1.2,0.1,3.3,08401243,2482049
378,08401244,Waßmannsdorfer Chaussee,85,1359606,5,2.65,0.15,2.2,12.35,08401244,2746662
379,08401245,Frauenviertel,33,154633,67,60.3,3.35,3.35,6.7,08401245,466551
380,08401246,Waltersdorfer Chaussee Ost,68,1057999,13,9.1,1.95,1.95,22.9,08401246,2221371
381,09100101,Alt-Treptow,41,396527,56,31.92,10.08,14,27.08,09100101,2293746
382,09100202,Plänterwald West,33,188029,65,15.6,20.8,28.6,50.4,09100202,845978
383,09100203,Plänterwald Ost,32,404440,68,11.56,25.84,30.6,56.44,09100203,2125244
384,09100304,Baumschulenweg West,32,546534,68,20.4,8.84,38.76,47.6,09100304,1598670
385,09100305,Baumschulenweg Ost,26,141230,71,49.7,11.36,9.94,24.3,09100305,492158
386,09100306,Späthsfelde,91,651592,6,0.53999,5.46,0,8.46,09100306,2695625
387,09100407,Johannisthal West,57,822731,37,8.51,10.73,17.76,34.49,09100407,3215349
388,09100408,Johannisthal Ost,56,402349,42,12.18,23.1,6.72,30.82,09100408,759181
389,09100409,Landschaftspark Adlershof,46,1093279,43,39.56,2.15,1.29,14.44,09100409,2957927
390,09200510,Helmholtz-Kiez,34,433807,60,54.6,4.8,0.6,10.4,09200510,2309017
391,09200511,Griechischer Park,28,496723,67,16.08,37.52,13.4,54.92,09200511,1345597
392,09200512,Wuhlheide,27,161037,73,28.47,34.31,10.22,44.53,09200512,4206357
393,09200613,Bahnhof Schöneweide,29,464205,68,39.44,9.52,19.04,30.56,09200613,1886777
394,09200614,Oberspree,62,347390,38,1.14,25.46,11.4,36.86,09200614,1061884
395,09200715,Wista,15,290867,68,44.2,17,6.8,41.8,09200715,2643691
396,09200716,Dörpfeldstraße West,61,494260,39,13.65,12.48,12.87,25.35,09200716,938255
397,09200717,Dörpfeldstraße Ost,67,741415,27,8.64,9.72,8.64,24.36,09200717,2520097
398,09200818,Spindlersfeld,57,307371,34,8.84,25.16,0,34.16,09200818,566102
399,09200819,Köllnische Vorstadt,41,419878,55,17.6,15.4,22,40.4,09200819,1535927
400,09300920,Dorf Altglienicke,87,2236117,10,5.5,4.5,0,6.5,09300920,4259127
401,09300921,Preußen Siedlung,92,559727,6,2.16,3.06,0.78,5.84,09300921,1446499
402,09300922,Kosmos Viertel,0,196532,100,1,62,37,99,09300922,376737
403,09300923,Kölner Viertel,66,929239,33,11.55,21.45,0,21.45,09300923,1549645
404,09301024,Falkenberg,51,574457,49,18.62,6.37,24.01,30.38,09301024,1136125
405,09301025,Alt-Bohnsdorf,76,3103323,23,17.02,3.45,2.53,6.98,09301025,5473145
406,09301126,Grünau,75,944622,22,12.1,1.54,8.36,12.9,09301126,9073342
407,09301227,Karolinenhof,98,592064,1,1,0,0,1,09301227,2330705
408,09301228,Schmöckwitz/Rauchfangswerder,89,1041343,3,3,0,0,9,09301228,14591904
409,09401329,Kietzer Feld/Nachtheide,69,1698475,30,12,7.2,10.8,19,09401329,16848607
410,09401330,Wendenschloß,94,398219,4,3.76,0.24,0,1.24,09401330,954028
411,09401431,Allende I,32,206908,67,7.37,22.78,36.85,60.63,09401431,508467
412,09401432,Siedlung Kämmereiheide,69,295191,15,15,0,0,16,09401432,929384
413,09401433,Allende II,0,131550,95,17.1,41.8,36.1,82.9,09401433,1971186
414,09401534,Altstadt Köpenick,45,304267,54,25.38,27.54,1.08,29.62,09401534,788914
415,09401635,Müggelheim,94,2104999,4,2.96,1.04,0,2.04,09401635,21975368
416,09501736,Hirschgarten,51,513549,45,4.05,21.6,19.35,42.95,09501736,2845204
417,09501737,Alt-Friedrichshagen,69,1263799,30,9.6,10.5,9.9,21.4,09501737,11062752
418,09501838,Rahnsdorf,92,2976140,6,1.68,4.32,0,6.32,09501838,21236957
419,09501939,Bahnhofstraße,51,338234,46,10.58,7.36,28.06,38.42,09501939,1131414
420,09501940,Güterbahnhof Köpenick,29,177989,69,37.26,6.9,24.84,33.74,09501940,590376
421,09501941,Friedrichshagener Straße,50,282513,49,36.75,2.94,9.31,13.25,09501941,1035596
422,09502042,Mittelheide,74,707208,15,13.8,0.75,0.45,12.2,09502042,3166105
423,09502043,Dammheide,74,1236680,25,4,6,15,21,09502043,4730082
424,10100101,Marzahn West,30,253921,68,4.08,63.92,0,65.92,10100101,690789
425,10100102,Rosenbecker Straße,43,166637,57,0,57,0,57,10100102,325479
426,10100103,Wittenberger Straße,0,199550,100,4,53,43,96,10100103,681652
427,10100104,Golliner Straße,2,174998,98,15.68,51.94,30.38,82.32,10100104,878732
428,10100205,Gewerbegebiet Bitterfelder Straße,17,102837,44,44,0,0,39,10100205,3574030
429,10100206,Wuhletalstraße,8,251431,92,23.92,16.56,51.52,68.08,10100206,839414
430,10100207,Ahrensfelder Berge,24,220299,76,16.72,23.56,35.72,59.28,10100207,1090912
431,10100208,Bürgerpark,12,242718,86,9.46,29.24,47.3,79.54,10100208,805009
432,10100209,Lea-Grundig-Straße,51,348187,49,19.11,7.84,22.05,29.89,10100209,673170
433,10100210,Marzahner Promenade,11,174848,88,0.88,44.88,42.24,88.12,10100210,876313
434,10100311,Marzahner Chaussee,75,545203,19,18.24,0.76,0,6.76,10100311,3960826
435,10100312,Springpfuhl,9,301079,91,27.3,31.85,31.85,63.7,10100312,1200634
436,10100313,Alt-Marzahn,89,547126,10,4.5,1.8,3.7,5.5,10100313,1090363
437,10100314,Auersbergstraße,60,177366,38,2.28,6.08,29.64,37.72,10100314,467079
438,10100315,Bärenstein,38,248140,60,12.6,9,38.4,49.4,10100315,641684
439,10100316,Landsberger Tor,37,167652,63,40.32,20.16,2.52,22.68,10100316,1596116
440,10200417,Zossener Straße,15,215986,83,44.82,19.09,19.09,40.18,10200417,446998
441,10200418,Kyritzer Straße,1,233978,99,1.98,37.62,59.4,97.02,10200418,637612
442,10200419,Havelländer Ring,0,129841,100,85,15,0,15,10200419,201997
443,10200420,Gut Hellersdorf,5,289150,95,16.15,78.85,0,78.85,10200420,761918
444,10200421,Helle Mitte,43,52546,52,52,0,0,5,10200421,162494
445,10200422,Hellersdorfer Promenade,0,218975,98,66.64,31.36,0,33.36,10200422,448202
446,10200423,Böhlener Straße,29,178568,69,69,0,0,2,10200423,913521
447,10200524,Adele-Sandrock-Straße,3,339975,97,34.92,29.1,32.98,62.08,10200524,1102522
448,10200525,Schleipfuhl,6,138499,94,31.02,62.98,0,62.98,10200525,472140
449,10200526,Boulevard Kastanienallee,12,165684,88,73.92,0,14.08,14.08,10200526,522424
450,10200627,Am Kienberg,67,110527,33,8.91,3.3,20.79,24.09,10200627,528993
451,10200628,Neue Grottkauer Straße,12,158933,88,0,83.6,4.4,88,10200628,494523
452,10200629,Teterower Ring,69,308155,30,7.5,5.7,16.8,23.5,10200629,990960
453,10200630,Cecilienplatz,3,196776,95,66.5,17.1,11.4,30.5,10200630,374278
454,10300731,Oberfeldstraße,96,1701720,1,1,0,0,3,10300731,2719117
455,10300732,Buckower Ring,59,606909,37,19.98,12.58,4.44,22.02,10300732,2042850
456,10300733,Alt-Biesdorf,82,741793,9,3.96,5.04,0,14.04,10300733,2377432
457,10300734,Biesdorf Süd,85,2646698,2,2,0,0,13,10300734,5159091
458,10400835,Kaulsdorf Nord,91,1816948,6,5.88,0,0.12,3.12,10400835,2531111
459,10400836,Alt-Kaulsdorf,93,737414,6,4.62,0.9,0.48,2.38,10400836,1337721
460,10400837,Kaulsdorf Süd,97,2292620,2,1.94,0.06,0,2.06,10400837,4826320
461,10400938,Mahlsdorf Nord,93,2704997,4,1.48,2.52,0,4.52,10400938,4187015
462,10400939,Alt-Mahlsdorf,94,1080714,5,3.7,1.2,0.1,2.3,10400939,1882764
463,10400940,Elsensee,96,1744393,2,1.84,0.04,0.12,2.16,10400940,3135820
464,10400941,Pilgramer Straße,98,2630500,1,1,0,0,1,10400941,3657714
465,11100101,Dörfer Malchow-Wartenberg,90,802630,7,3.36,3.64,0,6.64,11100101,8392798
466,11100102,Dorf Falkenberg,48,489205,49,24.5,24.5,0,28.5,11100102,3035169
467,11100203,Falkenberg Ost,6,204078,94,33.84,51.7,8.46,60.16,11100203,903394
468,11100204,Falkenberg West,5,307951,56,15.68,31.36,8.96,79.32,11100204,770619
469,11100205,Wartenberg Süd,31,196117,63,0,63,0,69,11100205,452593
470,11100206,Wartenberg Nord,23,226238,77,3.08,73.92,0,73.92,11100206,654332
471,11100307,Zingster Straße Ost,4,196620,87,20.88,23.49,42.63,74.12,11100307,725254
472,11100308,Zingster Straße West,15,291707,67,10.05,56.95,0,74.95,11100308,897014
473,11100309,Mühlengrund,4,148212,96,24.96,12.48,58.56,71.04,11100309,700775
474,11200410,Malchower Weg,87,1284043,12,3.12,8.88,0,8.88,11200410,2216098
475,11200411,Hauptstraße,23,358297,76,18.24,34.96,22.8,57.76,11200411,2502138
476,11200512,Orankesee,67,415873,31,12.09,18.91,0,20.91,11200512,1921855
477,11200513,Große-Leege-Straße,36,406918,63,12.6,42.21,8.19,52.4,11200513,682898
478,11200514,Landsberger Allee,16,305798,84,19.32,42,22.68,64.68,11200514,932533
479,11200515,Weiße Taube,72,495352,26,18.2,7.8,0,8.8,11200515,1025778
480,11300616,Hohenschönhauser Straße,13,160229,87,5.22,43.5,38.28,81.78,11300616,413717
481,11300617,Fennpfuhlpark,0,94273,100,0,73,27,100,11300617,471032
482,11300618,Storkower Bogen,16,130013,84,23.52,36.12,24.36,60.48,11300618,318444
483,11300619,Rudolf-Seiffert-Park,16,137774,81,5.67,38.07,37.26,78.33,11300619,369470
484,11300620,Fennpfuhl Ost,9,262121,91,15.47,24.57,50.96,75.53,11300620,552273
485,11300721,Herzbergstraße,19,340409,75,64.5,10.5,0,14.5,11300721,3831818
486,11300722,Rathaus Lichtenberg,19,329058,79,26.86,33.18,18.96,54.14,11300722,882364
487,11300723,Bornitzstraße,75,87108,25,25,0,0,0,11300723,493826
488,11300724,Roedeliusplatz,17,136590,83,43.16,39.84,0,39.84,11300724,407954
489,11300725,Nibelungenviertel,28,377109,70,11.2,35,23.8,59.8,11300725,677607
490,11300826,Frankfurter Allee Süd,5,250030,95,25.65,55.1,14.25,70.35,11300826,1044393
491,11400927,Victoriastadt,65,120144,31,17.36,13.02,0.62,14.64,11400927,370934
492,11400928,Nöldnerplatz,52,115283,41,11.89,29.11,0,36.11,11400928,579175
493,11400929,Weitlingkiez,35,508129,63,23.31,32.76,6.93,40.69,11400929,834928
494,11400930,Zachertstraße,26,217703,74,28.12,8.14,37.74,45.88,11400930,400716
495,11400931,Massower Straße,39,159193,61,7.32,19.52,34.16,53.68,11400931,411659
496,11401032,Rosenfelder Ring,20,176839,80,30.4,24.8,24.8,49.6,11401032,562764
497,11401033,Gensinger Straße,41,219901,51,32.64,18.36,0,26.36,11401033,449350
498,11401034,Tierpark,38,91366,54,4.32,44.28,5.4,57.68,11401034,1718275
499,11401135,Dolgenseestraße,10,289177,90,1.8,52.2,36,88.2,11401135,693792
500,11401136,Volkradstraße,12,325013,87,3.48,60.03,23.49,85.52,11401136,790141
501,11401137,Erieseering,20,206819,80,19.2,43.2,17.6,60.8,11401137,711935
502,11501238,Rummelsburg,52,298027,44,28.16,15.84,0,18.84,11501238,2380216
503,11501339,Karlshorst West,46,526123,48,11.04,33.6,3.36,40.96,11501339,985214
504,11501340,Karlshorst Nord,62,1308663,32,16,9.6,6.4,20,11501340,3268000
505,11501341,Karlshorst Süd,76,850658,21,15.12,4.62,1.26,7.88,11501341,2273205
506,12100101,Letteplatz,47,408132,52,43.16,8.84,0,9.84,12100101,774745
507,12100102,Hausotterplatz,53,361943,46,31.28,2.76,11.96,15.72,12100102,804158
508,12100103,Breitkopfbecken,36,333892,62,48.36,0,13.64,13.64,12100103,715464
509,12100204,Schäfersee,60,411848,36,26.64,0.36,9,9.36,12100204,1107472
510,12100205,Teichstraße,43,694395,55,34.1,14.85,6.05,22.9,12100205,3351673
511,12100206,Humboldtstraße,41,285839,59,37.76,0.59,20.65,21.24,12100206,753881
512,12200307,Reinickes Hof,59,142303,41,8.2,0,32.8,32.8,12200307,529194
513,12200308,Meller Bogen,62,294972,38,15.58,2.28,20.14,22.42,12200308,523813
514,12200309,Scharnweberstraße,36,426597,63,32.13,1.26,29.61,30.87,12200309,702542
515,12200310,Klixstraße,33,288017,66,15.84,50.16,0,50.16,12200310,813712
516,12200411,Schumacher-Quartier,11,363281,16,14.56,1.44,0,75.44,12200411,665527
517,12200412,Waldidyll/Flughafensee,80,884092,15,10.35,4.65,0,9.65,12200412,5905031
518,12200413,Tegel Süd,27,420530,73,14.6,58.4,0,58.4,12200413,749928
519,12200414,TXL,9,3833387,55,55,0,0,36,12200414,5943640
520,12200515,Alt-Tegel,81,597124,16,14.88,0.32,0.8,2.12,12200515,2376506
521,12400616,Konradshöhe/Tegelort,97,1249892,3,3,0,0,0,12400616,2320462
522,12400617,Alt-Heiligensee,94,1475800,5,4.25,0,0.75,0.75,12400617,5324685
523,12400618,Heiligensee Nord,79,746428,9,4.86,4.14,0,16.14,12400618,3228054
524,12400619,Heiligensee,92,1630524,1,1,0,0,6,12400619,17803192
525,12400720,Frohnau West,94,2053529,6,3.24,0,2.76,2.76,12400720,2733773
526,12400721,Frohnau Ost,88,1926922,11,9.68,1.32,0,1.32,12400721,5062044
527,12400722,Hermsdorf West,95,1647671,5,4.1,0.9,0,0.9,12400722,3138388
528,12400723,Hermsdorf Ost/Waldsee,97,1586963,3,1.74,0.24,1.02,1.26,12400723,2882706
529,12500824,Ziekowstraße/Freie Scholle,54,1025383,45,18.45,5.4,21.15,26.55,12500824,2213245
530,12500825,Borsigwalde,75,513723,24,13.2,10.8,0,11.8,12500825,1836502
531,12500926,Wittenau Mitte,60,427937,39,18.33,1.56,19.11,21.67,12500926,940994
532,12500927,Wittenau Nord,58,810943,40,28,3.6,8.4,14,12500927,2478319
533,12500928,Waidmannslust,93,828001,6,3.6,0,2.4,2.4,12500928,1720779
534,12500929,Lübars,84,1065680,8,4.72,1.84,1.44,11.28,12500929,4980811
535,12500930,Wittenau Süd,61,786329,39,19.11,1.95,17.94,19.89,12500930,1602729
536,12601031,Lübarser Straße,91,427663,8,0.4,1.68,5.92,8.6,12601031,1127053
537,12601032,Rollbergesiedlung,28,264100,72,0,72,0,72,12601032,498175
538,12601133,Treuenbrietzener Straße,4,341178,96,0,96,0,96,12601133,912543
539,12601134,Märkisches Zentrum,7,498414,85,0,76.5,8.5,93,12601134,1120512
540,12601235,Dannenwalder Weg,23,357487,76,0,76,0,76,12601235,519916
541,12601236,Schorfheidestraße,97,442656,3,0.48,2.52,0,2.52,12601236,574447
