fid,gisid,name,bezirk,f_in_kraft,f_gvbl,status,e_in_kraft,e_gvbl,area_m2
0,E0101,Parlaments- und Regierungsviertel,Mitte,04.07.1993,"1993, Nr. 35, Seite 268",Entwicklungsbereich,,,1705150
1,E0201,Rummelsburger Bucht,"Friedrichshain-Kreuzberg, Lichtenberg",27.04.1994,"1994, Nr. 17, Seite 118",Entwicklungsbereich,,,126942
2,E0901,Johannisthal / Adlershof,Treptow-Köpenick,22.12.1994,"1994, Nr. 67, Seite 499",Entwicklungsbereich,,,1342004
3,E0902,Ehemaliger Güterbahnhof Köpenick,Treptow-Köpenick,27.05.2020,"2020, Nr. 23, Seiten 327-331",Entwicklungsbereich,,,337044
4,E0101a,Parlaments- und Regierungsviertel,Mitte,04.07.1993,"1993, Nr. 35, Seite 268",Aus dem Entwicklungsrecht entlassen,12.03.2016,"2016, Nr. 07, Seiten 74-84",808619
5,E0201a,Rummelsburger Bucht,"Friedrichshain-Kreuzberg, Lichtenberg",27.04.1994,"1994, Nr. 17, Seite 118",Aus dem Entwicklungsrecht entlassen,05.01.2005,"2005, Nr. 01, Seiten 4-6",378311
6,E0201b,Rummelsburger Bucht,"Friedrichshain-Kreuzberg, Lichtenberg",27.04.1994,"1994, Nr. 17, Seite 118",Aus dem Entwicklungsrecht entlassen,27.01.2008,"2008, Nr. 01, Seiten 2-3",793300
7,E0401a,Alter Schlachthof / Eldenaer Straße,Pankow,22.07.1993,"1993, Nr. 40, Seite 326",Aus dem Entwicklungsrecht entlassen,27.01.2008,"2008, Nr. 01, Seite 4",496524
8,E0801a,Wasserstadt Berlin-Oberhavel,Spandau,05.08.1992,"1992, Nr. 35, Seite 241",Aus dem Entwicklungsrecht entlassen,21.01.2006,"2006, Nr. 02, Seiten 32-34",651806
9,E0801b,Wasserstadt Berlin-Oberhavel,Spandau,05.08.1992,"1992, Nr. 35, Seite 241",Aus dem Entwicklungsrecht entlassen,28.09.2008,"2008, Nr. 24, Seiten 266-267",1356166
10,E0801c,Wasserstadt Berlin-Oberhavel,Spandau,05.08.1992,"1992, Nr. 35, Seite 241",Aus dem Entwicklungsrecht entlassen,15.08.2012,"2012, Nr. 20, Seite 255",160732
11,E0901a,Johannisthal / Adlershof,Treptow-Köpenick,22.12.1994,"1994, Nr. 67, Seite 499",Aus dem Entwicklungsrecht entlassen,01.04.2006,"2006, Nr. 12, Seiten 293-295",1399367
12,E0901b,Johannisthal / Adlershof,Treptow-Köpenick,22.12.1994,"1994, Nr. 67, Seite 499",Aus dem Entwicklungsrecht entlassen,Einzelentlassungen,"Grundbucheintragung
",1420322
13,E0902a,Ehemaliger Güterbahnhof Köpenick,Treptow-Köpenick,27.05.2020,"2020, Nr. 23, Seiten 327-331",Aus dem Entwicklungsrecht entlassen,26.06.2022,"2022, Nr. 33, Seiten 380-384",134538
14,E1001a,Biesdorf-Süd,Marzahn-Hellersdorf,16.01.1994,"1994, Nr. 02, Seite 32",Aus dem Entwicklungsrecht entlassen,25.03.2006,"2006, Nr. 11, Seiten 285-287",557185
15,E1001b,Biesdorf-Süd,Marzahn-Hellersdorf,16.01.1994,"1994, Nr. 02, Seite 32",Aus dem Entwicklungsrecht entlassen,02.12.2007,"2007, Nr. 31, Seite 590",871111
