fid,plr_id,plr_name,bez_id,ew,di_n,di_v,sdi,sdi_n,sdi_v,si_n,si_v,zeit,kom,area_m2
0,01100101,Stülerstraße,01,3580,3,stabil,2+/-,23,"Status mittel , Dynamik stabil",2,mittel,202412,gültig,363590
1,01100102,Großer Tiergarten,01,2034,1,positiv,1+,11,"Status hoch , Dynamik positiv",1,hoch,202412,gültig,3886505
2,01100103,Lützowstraße,01,5790,1,positiv,2+,21,"Status mittel , Dynamik positiv",2,mittel,202412,gültig,542491
3,01100104,Körnerstraße,01,4889,3,stabil,2+/-,23,"Status mittel , Dynamik stabil",2,mittel,202412,gültig,335648
4,01100205,Wilhelmstraße,01,2917,3,stabil,2+/-,23,"Status mittel , Dynamik stabil",2,mittel,202412,gültig,629163
5,01100206,Unter den Linden,01,1876,1,positiv,2+,21,"Status mittel , Dynamik positiv",2,mittel,202412,gültig,1286513
6,01100207,Leipziger Straße,01,8844,3,stabil,2+/-,23,"Status mittel , Dynamik stabil",2,mittel,202412,gültig,757137
7,01100308,Charitéviertel,01,7297,3,stabil,1+/-,13,"Status hoch , Dynamik stabil",1,hoch,202412,gültig,1668924
8,01100309,Oranienburger Straße,01,12651,3,stabil,2+/-,23,"Status mittel , Dynamik stabil",2,mittel,202412,gültig,1003164
9,01100310,Alexanderplatzviertel,01,10181,3,stabil,2+/-,23,"Status mittel , Dynamik stabil",2,mittel,202412,gültig,1353917
10,01100311,Karl-Marx-Allee,01,9787,1,positiv,2+,21,"Status mittel , Dynamik positiv",2,mittel,202412,gültig,801306
11,01100312,Heine-Viertel West,01,10727,5,negativ,2-,25,"Status mittel , Dynamik negativ",2,mittel,202412,gültig,638318
12,01100313,Heine-Viertel Ost,01,11590,3,stabil,2+/-,23,"Status mittel , Dynamik stabil",2,mittel,202412,gültig,711925
13,01100414,Nordbahnhof,01,5513,3,stabil,1+/-,13,"Status hoch , Dynamik stabil",1,hoch,202412,gültig,369950
14,01100415,Invalidenstraße,01,13348,3,stabil,1+/-,13,"Status hoch , Dynamik stabil",1,hoch,202412,gültig,773891
15,01100416,Arkonaplatz,01,13523,3,stabil,1+/-,13,"Status hoch , Dynamik stabil",1,hoch,202412,gültig,597157
16,01200517,Huttenkiez,01,3924,1,positiv,2+,21,"Status mittel , Dynamik positiv",2,mittel,202412,gültig,2465227
17,01200518,Beusselkiez,01,7096,1,positiv,2+,21,"Status mittel , Dynamik positiv",2,mittel,202412,gültig,234943
18,01200519,Emdener Straße,01,9592,3,stabil,2+/-,23,"Status mittel , Dynamik stabil",2,mittel,202412,gültig,344393
19,01200520,Bremer Straße,01,9513,3,stabil,2+/-,23,"Status mittel , Dynamik stabil",2,mittel,202412,gültig,426536
20,01200521,Zwinglistraße,01,5259,3,stabil,3+/-,33,"Status niedrig , Dynamik stabil",3,niedrig,202412,gültig,165270
21,01200522,Elberfelder Straße,01,11521,3,stabil,2+/-,23,"Status mittel , Dynamik stabil",2,mittel,202412,gültig,634250
22,01200623,Stephankiez,01,10990,3,stabil,2+/-,23,"Status mittel , Dynamik stabil",2,mittel,202412,gültig,889456
23,01200624,Heidestraße,01,6942,3,stabil,2+/-,23,"Status mittel , Dynamik stabil",2,mittel,202412,gültig,682463
24,01200625,Lübecker Straße,01,6905,1,positiv,2+,21,"Status mittel , Dynamik positiv",2,mittel,202412,gültig,322435
25,01200626,Thomasiusstraße,01,6079,3,stabil,2+/-,23,"Status mittel , Dynamik stabil",2,mittel,202412,gültig,548316
26,01200627,Zillesiedlung,01,3388,5,negativ,4-,45,"Status sehr niedrig , Dynamik negativ",4,sehr niedrig,202412,gültig,172891
27,01200628,Lüneburger Straße,01,3281,3,stabil,2+/-,23,"Status mittel , Dynamik stabil",2,mittel,202412,gültig,739428
28,01200629,Hansaviertel,01,6039,3,stabil,2+/-,23,"Status mittel , Dynamik stabil",2,mittel,202412,gültig,528904
29,01300730,Drontheimer Straße,01,8060,3,stabil,4+/-,43,"Status sehr niedrig , Dynamik stabil",4,sehr niedrig,202412,gültig,449580
30,01300731,Koloniestraße,01,8922,3,stabil,4+/-,43,"Status sehr niedrig , Dynamik stabil",4,sehr niedrig,202412,gültig,661942
31,01300732,Soldiner Straße,01,10078,1,positiv,4+,41,"Status sehr niedrig , Dynamik positiv",4,sehr niedrig,202412,gültig,583818
32,01300733,Gesundbrunnen,01,11684,3,stabil,3+/-,33,"Status niedrig , Dynamik stabil",3,niedrig,202412,gültig,653404
33,01300834,Brunnenstraße,01,14258,3,stabil,3+/-,33,"Status niedrig , Dynamik stabil",3,niedrig,202412,gültig,769140
34,01300835,Humboldthain Süd,01,10821,3,stabil,2+/-,23,"Status mittel , Dynamik stabil",2,mittel,202412,gültig,1095195
35,01300836,Humboldthain Nordwest,01,14947,1,positiv,4+,41,"Status sehr niedrig , Dynamik positiv",4,sehr niedrig,202412,gültig,1430332
36,01400937,Afrikanische Straße,01,10966,3,stabil,2+/-,23,"Status mittel , Dynamik stabil",2,mittel,202412,gültig,3646387
37,01400938,Kameruner Straße,01,9681,1,positiv,2+,21,"Status mittel , Dynamik positiv",2,mittel,202412,gültig,1186904
38,01400939,Glasgower Straße,01,6149,3,stabil,2+/-,23,"Status mittel , Dynamik stabil",2,mittel,202412,gültig,362030
39,01400940,Schillerpark,01,7094,3,stabil,2+/-,23,"Status mittel , Dynamik stabil",2,mittel,202412,gültig,911133
40,01400941,Londoner Straße,01,3863,3,stabil,2+/-,23,"Status mittel , Dynamik stabil",2,mittel,202412,gültig,446903
41,01400942,Westliche Müllerstraße,01,8789,3,stabil,2+/-,23,"Status mittel , Dynamik stabil",2,mittel,202412,gültig,527273
42,01401043,Antonstraße,01,7627,3,stabil,3+/-,33,"Status niedrig , Dynamik stabil",3,niedrig,202412,gültig,296524
43,01401044,Uferstraße,01,10226,3,stabil,4+/-,43,"Status sehr niedrig , Dynamik stabil",4,sehr niedrig,202412,gültig,487781
44,01401045,Schwedenstraße,01,5531,1,positiv,3+,31,"Status niedrig , Dynamik positiv",3,niedrig,202412,gültig,265866
45,01401046,Nordufer,01,8869,3,stabil,2+/-,23,"Status mittel , Dynamik stabil",2,mittel,202412,gültig,322585
46,01401047,Sparrplatz,01,8206,1,positiv,2+,21,"Status mittel , Dynamik positiv",2,mittel,202412,gültig,306843
47,01401048,Leopoldplatz,01,9520,3,stabil,2+/-,23,"Status mittel , Dynamik stabil",2,mittel,202412,gültig,405326
48,01401049,Schulstraße,01,6637,3,stabil,4+/-,43,"Status sehr niedrig , Dynamik stabil",4,sehr niedrig,202412,gültig,401114
49,02100101,Askanischer Platz,02,7225,1,positiv,3+,31,"Status niedrig , Dynamik positiv",3,niedrig,202412,gültig,704828
50,02100102,Mehringplatz,02,8660,1,positiv,4+,41,"Status sehr niedrig , Dynamik positiv",4,sehr niedrig,202412,gültig,618910
51,02100103,Am Berlin Museum,02,5470,3,stabil,3+/-,33,"Status niedrig , Dynamik stabil",3,niedrig,202412,gültig,409661
52,02100104,Moritzplatz,02,5550,3,stabil,3+/-,33,"Status niedrig , Dynamik stabil",3,niedrig,202412,gültig,377329
53,02100105,Prinzenstraße,02,9263,1,positiv,4+,41,"Status sehr niedrig , Dynamik positiv",4,sehr niedrig,202412,gültig,419534
54,02100106,Wassertorplatz,02,4813,3,stabil,4+/-,43,"Status sehr niedrig , Dynamik stabil",4,sehr niedrig,202412,gültig,385551
55,02200207,Gleisdreieck,02,2666,3,stabil,1+/-,13,"Status hoch , Dynamik stabil",1,hoch,202412,gültig,739632
56,02200208,Rathaus Yorckstraße,02,5745,3,stabil,2+/-,23,"Status mittel , Dynamik stabil",2,mittel,202412,gültig,425068
57,02200209,Viktoriapark,02,10957,3,stabil,2+/-,23,"Status mittel , Dynamik stabil",2,mittel,202412,gültig,687234
58,02200210,Urbanstraße,02,12350,3,stabil,2+/-,23,"Status mittel , Dynamik stabil",2,mittel,202412,gültig,908732
59,02200211,Chamissokiez,02,14595,3,stabil,2+/-,23,"Status mittel , Dynamik stabil",2,mittel,202412,gültig,968448
60,02200212,Graefekiez Süd,02,8340,1,positiv,2+,21,"Status mittel , Dynamik positiv",2,mittel,202412,gültig,387557
61,02200213,Graefekiez Nord,02,10004,3,stabil,2+/-,23,"Status mittel , Dynamik stabil",2,mittel,202412,gültig,587155
62,02300314,Oranienplatz,02,7085,3,stabil,3+/-,33,"Status niedrig , Dynamik stabil",3,niedrig,202412,gültig,440041
63,02300315,Lausitzer Platz,02,8209,1,positiv,2+,21,"Status mittel , Dynamik positiv",2,mittel,202412,gültig,347936
64,02300316,Köpenicker Straße,02,4160,1,positiv,2+,21,"Status mittel , Dynamik positiv",2,mittel,202412,gültig,467372
65,02300417,Reichenberger Straße West,02,8301,5,negativ,2-,25,"Status mittel , Dynamik negativ",2,mittel,202412,gültig,366471
66,02300418,Reichenberger Straße Ost,02,7629,3,stabil,2+/-,23,"Status mittel , Dynamik stabil",2,mittel,202412,gültig,594395
67,02300419,Wrangelkiez,02,10396,3,stabil,2+/-,23,"Status mittel , Dynamik stabil",2,mittel,202412,gültig,521977
68,02400520,Barnimkiez,02,5904,3,stabil,2+/-,23,"Status mittel , Dynamik stabil",2,mittel,202412,gültig,933793
69,02400521,Friedenstraße,02,8712,3,stabil,2+/-,23,"Status mittel , Dynamik stabil",2,mittel,202412,gültig,725499
70,02400522,Richard-Sorge-Viertel,02,11394,3,stabil,2+/-,23,"Status mittel , Dynamik stabil",2,mittel,202412,gültig,549980
71,02400623,Andreasviertel,02,14037,1,positiv,2+,21,"Status mittel , Dynamik positiv",2,mittel,202412,gültig,914017
72,02400624,Weberwiese,02,11887,3,stabil,2+/-,23,"Status mittel , Dynamik stabil",2,mittel,202412,gültig,560145
73,02400625,Wriezener Bahnhof,02,1328,5,negativ,2-,25,"Status mittel , Dynamik negativ",2,mittel,202412,gültig,856805
74,02500726,Hausburgviertel,02,9175,3,stabil,2+/-,23,"Status mittel , Dynamik stabil",2,mittel,202412,gültig,306986
75,02500727,Forckenbeckplatz,02,6519,3,stabil,2+/-,23,"Status mittel , Dynamik stabil",2,mittel,202412,gültig,335288
76,02500728,Samariterviertel,02,10073,5,negativ,2-,25,"Status mittel , Dynamik negativ",2,mittel,202412,gültig,308118
77,02500729,Pettenkofer Straße,02,5407,3,stabil,2+/-,23,"Status mittel , Dynamik stabil",2,mittel,202412,gültig,319856
78,02500830,Niederbarnimstraße,02,4071,3,stabil,2+/-,23,"Status mittel , Dynamik stabil",2,mittel,202412,gültig,163969
79,02500831,Wismarplatz,02,7857,3,stabil,2+/-,23,"Status mittel , Dynamik stabil",2,mittel,202412,gültig,246854
80,02500832,Traveplatz,02,9541,3,stabil,2+/-,23,"Status mittel , Dynamik stabil",2,mittel,202412,gültig,366469
81,02500833,Boxhagener Platz,02,10045,3,stabil,2+/-,23,"Status mittel , Dynamik stabil",2,mittel,202412,gültig,337290
82,02500834,Revaler Straße,02,11299,3,stabil,2+/-,23,"Status mittel , Dynamik stabil",2,mittel,202412,gültig,490166
83,02500835,Stralauer Kiez,02,8820,3,stabil,2+/-,23,"Status mittel , Dynamik stabil",2,mittel,202412,gültig,1343492
84,02500836,Stralauer Halbinsel,02,5137,3,stabil,1+/-,13,"Status hoch , Dynamik stabil",1,hoch,202412,gültig,1106886
85,03100101,Bucher Forst,03,4720,5,negativ,2-,25,"Status mittel , Dynamik negativ",2,mittel,202412,gültig,18274808
86,03100102,Klinikum Buch,03,3505,1,positiv,2+,21,"Status mittel , Dynamik positiv",2,mittel,202412,gültig,2716983
87,03100103,Karower Chaussee,03,9449,5,negativ,3-,35,"Status niedrig , Dynamik negativ",3,niedrig,202412,gültig,1865740
88,03200204,Blankenfelde,03,2423,3,stabil,1+/-,13,"Status hoch , Dynamik stabil",1,hoch,202412,gültig,12990228
89,03200205,Uhlandstraße,03,9167,5,negativ,2-,25,"Status mittel , Dynamik negativ",2,mittel,202412,gültig,2396046
90,03200206,Pastor-Niemöller-Platz,03,6842,3,stabil,2+/-,23,"Status mittel , Dynamik stabil",2,mittel,202412,gültig,1096760
91,03200207,Herthaplatz,03,11799,3,stabil,2+/-,23,"Status mittel , Dynamik stabil",2,mittel,202412,gültig,3060439
92,03200308,Nisbléstraße,03,5261,3,stabil,1+/-,13,"Status hoch , Dynamik stabil",1,hoch,202412,gültig,1126996
93,03200309,Eddastraße,03,5484,3,stabil,1+/-,13,"Status hoch , Dynamik stabil",1,hoch,202412,gültig,3048000
94,03200310,Krugpfuhl,03,8088,3,stabil,2+/-,23,"Status mittel , Dynamik stabil",2,mittel,202412,gültig,2253285
95,03300411,Karow Nord,03,11764,3,stabil,2+/-,23,"Status mittel , Dynamik stabil",2,mittel,202412,gültig,1658195
96,03300412,Karow Bahnhof,03,5226,3,stabil,1+/-,13,"Status hoch , Dynamik stabil",1,hoch,202412,gültig,3059328
97,03300413,Karow Ost,03,3195,3,stabil,1+/-,13,"Status hoch , Dynamik stabil",1,hoch,202412,gültig,1852395
98,03300514,Blankenburg,03,6869,5,negativ,1-,15,"Status hoch , Dynamik negativ",1,hoch,202412,gültig,4689063
99,03300515,Blankenburger Süden,03,49,-9999,Planungsraum ohne Zuordnung,Planungsraum ohne Zuordnung,-9999,Planungsraum ohne Zuordnung,-9999,Planungsraum ohne Zuordnung,202412,ungültig (EW unter 300),1154659
100,03300516,Heinersdorf,03,9560,3,stabil,1+/-,13,"Status hoch , Dynamik stabil",1,hoch,202412,gültig,3879011
101,03300517,Märchenland,03,1088,1,positiv,1+,11,"Status hoch , Dynamik positiv",1,hoch,202412,gültig,5784752
102,03400618,Rosenthal,03,4783,3,stabil,1+/-,13,"Status hoch , Dynamik stabil",1,hoch,202412,gültig,1786415
103,03400619,Wilhelmsruh,03,10596,3,stabil,2+/-,23,"Status mittel , Dynamik stabil",2,mittel,202412,gültig,2154900
104,03400620,Schönholz,03,3506,3,stabil,1+/-,13,"Status hoch , Dynamik stabil",1,hoch,202412,gültig,1896532
105,03400721,Florakiez,03,11895,3,stabil,2+/-,23,"Status mittel , Dynamik stabil",2,mittel,202412,gültig,788603
106,03400722,Parkstraße,03,3807,3,stabil,1+/-,13,"Status hoch , Dynamik stabil",1,hoch,202412,gültig,505984
107,03400723,Garbátyplatz,03,7507,3,stabil,2+/-,23,"Status mittel , Dynamik stabil",2,mittel,202412,gültig,603868
108,03400724,Wolfshagener Straße,03,8494,3,stabil,2+/-,23,"Status mittel , Dynamik stabil",2,mittel,202412,gültig,764682
109,03400725,Schlosspark,03,7645,3,stabil,2+/-,23,"Status mittel , Dynamik stabil",2,mittel,202412,gültig,1250494
110,03400826,Tiroler Viertel,03,7222,3,stabil,2+/-,23,"Status mittel , Dynamik stabil",2,mittel,202412,gültig,654149
111,03400827,Trelleborger Viertel,03,9703,3,stabil,2+/-,23,"Status mittel , Dynamik stabil",2,mittel,202412,gültig,410220
112,03400828,Spiekermann Straße,03,4934,3,stabil,2+/-,23,"Status mittel , Dynamik stabil",2,mittel,202412,gültig,361730
113,03400829,Arnold-Zweig-Straße,03,5968,3,stabil,2+/-,23,"Status mittel , Dynamik stabil",2,mittel,202412,gültig,397694
114,03400830,Kissingenviertel,03,9293,3,stabil,2+/-,23,"Status mittel , Dynamik stabil",2,mittel,202412,gültig,654531
115,03400831,Pankower Tor,03,0,-9999,Planungsraum ohne Zuordnung,Planungsraum ohne Zuordnung,-9999,Planungsraum ohne Zuordnung,-9999,Planungsraum ohne Zuordnung,202412,ungültig (EW unter 300),530908
116,03500932,Bühringstraße,03,6659,3,stabil,2+/-,23,"Status mittel , Dynamik stabil",2,mittel,202412,gültig,985207
117,03500933,Weißer See,03,7686,3,stabil,2+/-,23,"Status mittel , Dynamik stabil",2,mittel,202412,gültig,1047457
118,03500934,Weißenseer Spitze,03,10363,3,stabil,2+/-,23,"Status mittel , Dynamik stabil",2,mittel,202412,gültig,622492
119,03500935,Behaimstraße,03,6799,3,stabil,2+/-,23,"Status mittel , Dynamik stabil",2,mittel,202412,gültig,435666
120,03500936,Komponistenviertel Weißensee,03,10052,3,stabil,2+/-,23,"Status mittel , Dynamik stabil",2,mittel,202412,gültig,1111232
121,03501037,Rathaus Weißensee,03,8487,3,stabil,2+/-,23,"Status mittel , Dynamik stabil",2,mittel,202412,gültig,1732209
122,03501038,Hansastraße,03,7506,3,stabil,2+/-,23,"Status mittel , Dynamik stabil",2,mittel,202412,gültig,1949905
123,03601139,Norweger Viertel,03,4040,3,stabil,2+/-,23,"Status mittel , Dynamik stabil",2,mittel,202412,gültig,450708
124,03601140,Malmöer Straße,03,6016,5,negativ,2-,25,"Status mittel , Dynamik negativ",2,mittel,202412,gültig,278408
125,03601141,Arnimplatz,03,7057,5,negativ,2-,25,"Status mittel , Dynamik negativ",2,mittel,202412,gültig,284633
126,03601142,Falkplatz,03,10860,3,stabil,2+/-,23,"Status mittel , Dynamik stabil",2,mittel,202412,gültig,900631
127,03601243,Rodenbergstraße,03,6990,3,stabil,2+/-,23,"Status mittel , Dynamik stabil",2,mittel,202412,gültig,327112
128,03601244,Humannplatz,03,7614,3,stabil,2+/-,23,"Status mittel , Dynamik stabil",2,mittel,202412,gültig,361478
129,03601245,Ostseestraße,03,13511,3,stabil,2+/-,23,"Status mittel , Dynamik stabil",2,mittel,202412,gültig,958557
130,03601346,Gethsemanekirche,03,5888,3,stabil,2+/-,23,"Status mittel , Dynamik stabil",2,mittel,202412,gültig,192098
131,03601347,Helmholtzplatz,03,9495,3,stabil,2+/-,23,"Status mittel , Dynamik stabil",2,mittel,202412,gültig,295476
132,03601348,Senefelderstraße,03,7470,3,stabil,2+/-,23,"Status mittel , Dynamik stabil",2,mittel,202412,gültig,218247
133,03601449,Michelangelostraße,03,9928,3,stabil,3+/-,33,"Status niedrig , Dynamik stabil",3,niedrig,202412,gültig,851641
134,03601450,Volkspark Prenzlauer Berg,03,5449,3,stabil,4+/-,43,"Status sehr niedrig , Dynamik stabil",4,sehr niedrig,202412,gültig,1202389
135,03601451,Anton-Saefkow-Park,03,6527,3,stabil,2+/-,23,"Status mittel , Dynamik stabil",2,mittel,202412,gültig,542640
136,03601452,Velodrom,03,4746,3,stabil,2+/-,23,"Status mittel , Dynamik stabil",2,mittel,202412,gültig,547597
137,03601453,Alter Schlachthof,03,3391,3,stabil,1+/-,13,"Status hoch , Dynamik stabil",1,hoch,202412,gültig,572429
138,03701554,Teutoburger Platz,03,11453,3,stabil,2+/-,23,"Status mittel , Dynamik stabil",2,mittel,202412,gültig,544129
139,03701555,Sredzkistraße,03,7258,3,stabil,2+/-,23,"Status mittel , Dynamik stabil",2,mittel,202412,gültig,312019
140,03701556,Kollwitzplatz,03,8598,3,stabil,1+/-,13,"Status hoch , Dynamik stabil",1,hoch,202412,gültig,503111
141,03701657,Thälmannpark,03,3215,3,stabil,2+/-,23,"Status mittel , Dynamik stabil",2,mittel,202412,gültig,437907
142,03701658,Christburger Straße,03,8285,3,stabil,2+/-,23,"Status mittel , Dynamik stabil",2,mittel,202412,gültig,231049
143,03701659,Immanuelkirchstraße,03,9477,3,stabil,2+/-,23,"Status mittel , Dynamik stabil",2,mittel,202412,gültig,408167
144,03701660,Bötzowstraße,03,12614,3,stabil,2+/-,23,"Status mittel , Dynamik stabil",2,mittel,202412,gültig,570803
145,04100101,Jungfernheide/Plötzensee,04,11768,3,stabil,3+/-,33,"Status niedrig , Dynamik stabil",3,niedrig,202412,gültig,5209419
146,04100102,Paul-Hertz-Siedlung,04,7878,3,stabil,4+/-,43,"Status sehr niedrig , Dynamik stabil",4,sehr niedrig,202412,gültig,533717
147,04200203,Olympiagelände,04,1456,1,positiv,1+,11,"Status hoch , Dynamik positiv",1,hoch,202412,gültig,3237304
148,04200204,Angerburger Allee,04,3325,5,negativ,2-,25,"Status mittel , Dynamik negativ",2,mittel,202412,gültig,358351
149,04200205,Flatowallee,04,2522,1,positiv,2+,21,"Status mittel , Dynamik positiv",2,mittel,202412,gültig,969711
150,04200206,Kranzallee,04,2848,3,stabil,2+/-,23,"Status mittel , Dynamik stabil",2,mittel,202412,gültig,1472804
151,04200207,Eichkamp,04,2996,3,stabil,1+/-,13,"Status hoch , Dynamik stabil",1,hoch,202412,gültig,17283570
152,04200308,Branitzer Platz,04,6113,3,stabil,2+/-,23,"Status mittel , Dynamik stabil",2,mittel,202412,gültig,2732701
153,04200309,Neu Westend,04,6895,3,stabil,2+/-,23,"Status mittel , Dynamik stabil",2,mittel,202412,gültig,671758
154,04200310,Fürstenplatz,04,7533,3,stabil,2+/-,23,"Status mittel , Dynamik stabil",2,mittel,202412,gültig,923713
155,04200311,Königin-Elisabeth-Straße,04,7424,3,stabil,2+/-,23,"Status mittel , Dynamik stabil",2,mittel,202412,gültig,1542696
156,04300412,Schlossgarten,04,4539,3,stabil,2+/-,23,"Status mittel , Dynamik stabil",2,mittel,202412,gültig,1250644
157,04300413,Klausenerplatz,04,9973,5,negativ,2-,25,"Status mittel , Dynamik negativ",2,mittel,202412,gültig,474719
158,04300414,Schloßstraße,04,10581,3,stabil,2+/-,23,"Status mittel , Dynamik stabil",2,mittel,202412,gültig,557694
159,04300415,Lietzensee,04,6258,3,stabil,2+/-,23,"Status mittel , Dynamik stabil",2,mittel,202412,gültig,627766
160,04300416,Amtsgerichtsplatz,04,11646,3,stabil,2+/-,23,"Status mittel , Dynamik stabil",2,mittel,202412,gültig,575673
161,04300517,Tegeler Weg,04,9468,3,stabil,2+/-,23,"Status mittel , Dynamik stabil",2,mittel,202412,gültig,514902
162,04300518,Kaiserin-Augusta-Allee,04,6682,1,positiv,2+,21,"Status mittel , Dynamik positiv",2,mittel,202412,gültig,1365474
163,04300619,Alt-Lietzow,04,9007,3,stabil,2+/-,23,"Status mittel , Dynamik stabil",2,mittel,202412,gültig,532233
164,04300620,Spreestadt,04,4118,3,stabil,2+/-,23,"Status mittel , Dynamik stabil",2,mittel,202412,gültig,709780
165,04300621,Richard-Wagner-Straße,04,10941,3,stabil,2+/-,23,"Status mittel , Dynamik stabil",2,mittel,202412,gültig,546152
166,04300622,Ernst-Reuter-Platz,04,5269,3,stabil,2+/-,23,"Status mittel , Dynamik stabil",2,mittel,202412,gültig,951796
167,04300623,Karl-August-Platz,04,12187,3,stabil,2+/-,23,"Status mittel , Dynamik stabil",2,mittel,202412,gültig,577835
168,04300624,Savignyplatz,04,9314,3,stabil,2+/-,23,"Status mittel , Dynamik stabil",2,mittel,202412,gültig,530106
169,04400725,Güterbahnhof Grunewald,04,61,-9999,Planungsraum ohne Zuordnung,Planungsraum ohne Zuordnung,-9999,Planungsraum ohne Zuordnung,-9999,Planungsraum ohne Zuordnung,202412,ungültig (EW unter 300),538803
170,04400726,Bismarckallee,04,5417,3,stabil,2+/-,23,"Status mittel , Dynamik stabil",2,mittel,202412,gültig,1415836
171,04400727,Flinsberger Platz,04,8322,3,stabil,2+/-,23,"Status mittel , Dynamik stabil",2,mittel,202412,gültig,906625
172,04400728,Hagenplatz,04,3189,3,stabil,2+/-,23,"Status mittel , Dynamik stabil",2,mittel,202412,gültig,935111
173,04400729,Hundekehle,04,2840,1,positiv,1+,11,"Status hoch , Dynamik positiv",1,hoch,202412,gültig,3719872
174,04400830,Forckenbeckstraße,04,8457,3,stabil,2+/-,23,"Status mittel , Dynamik stabil",2,mittel,202412,gültig,1480782
175,04400831,Messelpark,04,1543,1,positiv,1+,11,"Status hoch , Dynamik positiv",1,hoch,202412,gültig,539677
176,04400832,Breite Straße,04,6998,3,stabil,1+/-,13,"Status hoch , Dynamik stabil",1,hoch,202412,gültig,660946
177,04400833,Schlangenbader Straße,04,3901,3,stabil,3+/-,33,"Status niedrig , Dynamik stabil",3,niedrig,202412,gültig,349900
178,04400834,Binger Straße,04,3384,5,negativ,1-,15,"Status hoch , Dynamik negativ",1,hoch,202412,gültig,419212
179,04400835,Rüdesheimer Platz,04,10164,3,stabil,2+/-,23,"Status mittel , Dynamik stabil",2,mittel,202412,gültig,594558
180,04500936,Droysenstraße,04,5621,5,negativ,2-,25,"Status mittel , Dynamik negativ",2,mittel,202412,gültig,271157
181,04500937,Halensee,04,7653,3,stabil,2+/-,23,"Status mittel , Dynamik stabil",2,mittel,202412,gültig,703284
182,04500938,Hochmeisterplatz,04,8281,3,stabil,2+/-,23,"Status mittel , Dynamik stabil",2,mittel,202412,gültig,513098
183,04500939,Eisenzahnstraße,04,6761,3,stabil,2+/-,23,"Status mittel , Dynamik stabil",2,mittel,202412,gültig,750459
184,04501040,Hindemithplatz,04,5895,3,stabil,2+/-,23,"Status mittel , Dynamik stabil",2,mittel,202412,gültig,300565
185,04501041,George-Grosz-Platz,04,5420,3,stabil,2+/-,23,"Status mittel , Dynamik stabil",2,mittel,202412,gültig,460715
186,04501042,Breitscheidplatz,04,3664,1,positiv,2+,21,"Status mittel , Dynamik positiv",2,mittel,202412,gültig,598550
187,04501043,Preußenpark,04,10999,3,stabil,2+/-,23,"Status mittel , Dynamik stabil",2,mittel,202412,gültig,620326
188,04501044,Ludwigkirchplatz,04,5328,3,stabil,2+/-,23,"Status mittel , Dynamik stabil",2,mittel,202412,gültig,312124
189,04501045,Schaperstraße,04,9363,3,stabil,2+/-,23,"Status mittel , Dynamik stabil",2,mittel,202412,gültig,585604
190,04501146,Barstraße,04,4744,3,stabil,2+/-,23,"Status mittel , Dynamik stabil",2,mittel,202412,gültig,662446
191,04501147,Leon-Jessel-Platz,04,5452,3,stabil,2+/-,23,"Status mittel , Dynamik stabil",2,mittel,202412,gültig,246385
192,04501148,Brabanter Platz,04,4564,3,stabil,2+/-,23,"Status mittel , Dynamik stabil",2,mittel,202412,gültig,416260
193,04501149,Nikolsburger Platz,04,9878,3,stabil,2+/-,23,"Status mittel , Dynamik stabil",2,mittel,202412,gültig,437612
194,04501150,Wilhelmsaue,04,3016,3,stabil,2+/-,23,"Status mittel , Dynamik stabil",2,mittel,202412,gültig,292110
195,04501151,Hildegardstraße,04,7420,3,stabil,2+/-,23,"Status mittel , Dynamik stabil",2,mittel,202412,gültig,320678
196,04501152,Prager Platz,04,6861,3,stabil,2+/-,23,"Status mittel , Dynamik stabil",2,mittel,202412,gültig,346789
197,04501153,Babelsberger Straße,04,7563,3,stabil,2+/-,23,"Status mittel , Dynamik stabil",2,mittel,202412,gültig,580656
198,05100101,Hakenfelde Nord,05,4504,3,stabil,2+/-,23,"Status mittel , Dynamik stabil",2,mittel,202412,gültig,16056458
199,05100102,Am Forstacker,05,4377,5,negativ,2-,25,"Status mittel , Dynamik negativ",2,mittel,202412,gültig,318594
200,05100103,Mertensstraße,05,6107,5,negativ,2-,25,"Status mittel , Dynamik negativ",2,mittel,202412,gültig,713975
201,05100104,Maselake,05,6960,1,positiv,2+,21,"Status mittel , Dynamik positiv",2,mittel,202412,gültig,555246
202,05100105,Amorbacher Weg,05,7689,3,stabil,2+/-,23,"Status mittel , Dynamik stabil",2,mittel,202412,gültig,2185964
203,05100206,Griesingerstraße,05,3623,5,negativ,3-,35,"Status niedrig , Dynamik negativ",3,niedrig,202412,gültig,1923612
204,05100207,An der Tränke,05,2331,5,negativ,2-,25,"Status mittel , Dynamik negativ",2,mittel,202412,gültig,587970
205,05100208,Im Spektefeld,05,11137,3,stabil,4+/-,43,"Status sehr niedrig , Dynamik stabil",4,sehr niedrig,202412,gültig,1752107
206,05100209,Westerwaldstraße,05,11935,3,stabil,4+/-,43,"Status sehr niedrig , Dynamik stabil",4,sehr niedrig,202412,gültig,741446
207,05100210,Germersheimer Platz,05,7911,1,positiv,4+,41,"Status sehr niedrig , Dynamik positiv",4,sehr niedrig,202412,gültig,540622
208,05100211,An der Kappe,05,6210,3,stabil,2+/-,23,"Status mittel , Dynamik stabil",2,mittel,202412,gültig,1391829
209,05100312,Eckschanze,05,4007,3,stabil,3+/-,33,"Status niedrig , Dynamik stabil",3,niedrig,202412,gültig,330210
210,05100313,Eiswerder,05,7231,3,stabil,2+/-,23,"Status mittel , Dynamik stabil",2,mittel,202412,gültig,1652623
211,05100314,Kurstraße,05,7493,3,stabil,4+/-,43,"Status sehr niedrig , Dynamik stabil",4,sehr niedrig,202412,gültig,471512
212,05100315,Ackerstraße,05,7334,1,positiv,2+,21,"Status mittel , Dynamik positiv",2,mittel,202412,gültig,485458
213,05100316,Carl-Schurz-Straße,05,10505,3,stabil,3+/-,33,"Status niedrig , Dynamik stabil",3,niedrig,202412,gültig,1366651
214,05100317,Freiheit,05,4458,3,stabil,3+/-,33,"Status niedrig , Dynamik stabil",3,niedrig,202412,gültig,2260360
215,05200418,Isenburger Weg,05,3847,3,stabil,1+/-,13,"Status hoch , Dynamik stabil",1,hoch,202412,gültig,1274841
216,05200419,Am Heideberg,05,1632,5,negativ,2-,25,"Status mittel , Dynamik negativ",2,mittel,202412,gültig,418927
217,05200420,Staakener Straße,05,5910,3,stabil,2+/-,23,"Status mittel , Dynamik stabil",2,mittel,202412,gültig,2606503
218,05200421,Spandauer Straße,05,4360,5,negativ,2-,25,"Status mittel , Dynamik negativ",2,mittel,202412,gültig,714261
219,05200422,Werkstraße,05,1201,3,stabil,2+/-,23,"Status mittel , Dynamik stabil",2,mittel,202412,gültig,1178380
220,05200423,Magistratsweg,05,6809,5,negativ,4-,45,"Status sehr niedrig , Dynamik negativ",4,sehr niedrig,202412,gültig,635390
221,05200524,Döberitzer Weg,05,3380,3,stabil,1+/-,13,"Status hoch , Dynamik stabil",1,hoch,202412,gültig,1647391
222,05200525,Pillnitzer Weg,05,2464,5,negativ,1-,15,"Status hoch , Dynamik negativ",1,hoch,202412,gültig,1463042
223,05200526,Rudolf-Wissell-Großsiedlung,05,5806,1,positiv,4+,41,"Status sehr niedrig , Dynamik positiv",4,sehr niedrig,202412,gültig,376030
224,05200527,Maulbeerallee,05,12030,3,stabil,4+/-,43,"Status sehr niedrig , Dynamik stabil",4,sehr niedrig,202412,gültig,1300972
225,05200528,Weinmeisterhornweg,05,7291,5,negativ,2-,25,"Status mittel , Dynamik negativ",2,mittel,202412,gültig,2715094
226,05200629,Borkumer Straße,05,8357,3,stabil,2+/-,23,"Status mittel , Dynamik stabil",2,mittel,202412,gültig,1314911
227,05200630,Wilhelmstadt West,05,10042,3,stabil,2+/-,23,"Status mittel , Dynamik stabil",2,mittel,202412,gültig,901733
228,05200631,Wilhelmstadt Ost,05,8679,3,stabil,2+/-,23,"Status mittel , Dynamik stabil",2,mittel,202412,gültig,537744
229,05200632,Tiefwerder,05,3655,3,stabil,3+/-,33,"Status niedrig , Dynamik stabil",3,niedrig,202412,gültig,1552231
230,05200633,Graetschelsteig,05,2159,3,stabil,3+/-,33,"Status niedrig , Dynamik stabil",3,niedrig,202412,gültig,486833
231,05200634,Börnicker Straße,05,4319,3,stabil,2+/-,23,"Status mittel , Dynamik stabil",2,mittel,202412,gültig,3702042
232,05300735,Haveleck,05,4520,5,negativ,2-,25,"Status mittel , Dynamik negativ",2,mittel,202412,gültig,1025249
233,05300736,Zitadellenweg,05,3575,3,stabil,2+/-,23,"Status mittel , Dynamik stabil",2,mittel,202412,gültig,2598734
234,05300737,Gartenfelder Straße,05,11913,3,stabil,3+/-,33,"Status niedrig , Dynamik stabil",3,niedrig,202412,gültig,1033578
235,05300838,Gartenfeld,05,16,-9999,Planungsraum ohne Zuordnung,Planungsraum ohne Zuordnung,-9999,Planungsraum ohne Zuordnung,-9999,Planungsraum ohne Zuordnung,202412,ungültig (EW unter 300),927511
236,05300839,Rohrdamm,05,8314,1,positiv,2+,21,"Status mittel , Dynamik positiv",2,mittel,202412,gültig,1208212
237,05300840,Nonnendammallee,05,503,5,negativ,4-,45,"Status sehr niedrig , Dynamik negativ",4,sehr niedrig,202412,gültig,3248845
238,05300841,Siemensdamm,05,4605,3,stabil,2+/-,23,"Status mittel , Dynamik stabil",2,mittel,202412,gültig,265851
239,05400942,Alt-Gatow,05,3691,3,stabil,1+/-,13,"Status hoch , Dynamik stabil",1,hoch,202412,gültig,11404688
240,05400943,Jägerallee,05,10533,3,stabil,1+/-,13,"Status hoch , Dynamik stabil",1,hoch,202412,gültig,7262724
241,05400944,Kladower Damm,05,2183,5,negativ,1-,15,"Status hoch , Dynamik negativ",1,hoch,202412,gültig,4270762
242,05400945,Kafkastraße,05,3671,3,stabil,1+/-,13,"Status hoch , Dynamik stabil",1,hoch,202412,gültig,1719971
243,06100101,Fichtenberg,06,6912,3,stabil,1+/-,13,"Status hoch , Dynamik stabil",1,hoch,202412,gültig,980529
244,06100102,Schloßstraße,06,9048,3,stabil,2+/-,23,"Status mittel , Dynamik stabil",2,mittel,202412,gültig,484046
245,06100103,Markelstraße,06,6186,3,stabil,1+/-,13,"Status hoch , Dynamik stabil",1,hoch,202412,gültig,456977
246,06100204,Munsterdamm,06,6803,3,stabil,2+/-,23,"Status mittel , Dynamik stabil",2,mittel,202412,gültig,1105134
247,06100205,Südende,06,9988,3,stabil,2+/-,23,"Status mittel , Dynamik stabil",2,mittel,202412,gültig,842408
248,06100206,Stadtpark,06,7751,5,negativ,2-,25,"Status mittel , Dynamik negativ",2,mittel,202412,gültig,703974
249,06100207,Mittelstraße,06,8168,3,stabil,2+/-,23,"Status mittel , Dynamik stabil",2,mittel,202412,gültig,672943
250,06100208,Bergstraße,06,7065,3,stabil,2+/-,23,"Status mittel , Dynamik stabil",2,mittel,202412,gültig,614499
251,06100209,Feuerbachstraße,06,9322,3,stabil,2+/-,23,"Status mittel , Dynamik stabil",2,mittel,202412,gültig,627802
252,06100210,Bismarckstraße,06,5004,3,stabil,2+/-,23,"Status mittel , Dynamik stabil",2,mittel,202412,gültig,233387
253,06200311,Alt-Lankwitz,06,4873,3,stabil,2+/-,23,"Status mittel , Dynamik stabil",2,mittel,202412,gültig,983749
254,06200312,Komponistenviertel Lankwitz,06,6285,5,negativ,2-,25,"Status mittel , Dynamik negativ",2,mittel,202412,gültig,1225343
255,06200313,Lankwitz Kirche,06,7395,3,stabil,2+/-,23,"Status mittel , Dynamik stabil",2,mittel,202412,gültig,691871
256,06200314,Kaiser-Wilhelm-Straße,06,7210,3,stabil,2+/-,23,"Status mittel , Dynamik stabil",2,mittel,202412,gültig,726108
257,06200315,Gallwitzallee,06,6890,3,stabil,2+/-,23,"Status mittel , Dynamik stabil",2,mittel,202412,gültig,1163323
258,06200316,Belßstraße,06,5788,3,stabil,2+/-,23,"Status mittel , Dynamik stabil",2,mittel,202412,gültig,664904
259,06200317,Lankwitz Süd,06,6257,3,stabil,2+/-,23,"Status mittel , Dynamik stabil",2,mittel,202412,gültig,1466230
260,06200418,Landweg,06,0,-9999,Planungsraum ohne Zuordnung,Planungsraum ohne Zuordnung,-9999,Planungsraum ohne Zuordnung,-9999,Planungsraum ohne Zuordnung,202412,ungültig (EW unter 300),1093501
261,06200419,Thermometersiedlung,06,4539,3,stabil,2+/-,23,"Status mittel , Dynamik stabil",2,mittel,202412,gültig,317798
262,06200420,Lichterfelde Süd,06,7403,5,negativ,2-,25,"Status mittel , Dynamik negativ",2,mittel,202412,gültig,1356195
263,06200421,Königsberger Straße,06,8417,3,stabil,2+/-,23,"Status mittel , Dynamik stabil",2,mittel,202412,gültig,2015019
264,06200422,Oberhofer Platz,06,7009,3,stabil,1+/-,13,"Status hoch , Dynamik stabil",1,hoch,202412,gültig,1353292
265,06200423,Schütte-Lanz-Straße,06,8606,3,stabil,2+/-,23,"Status mittel , Dynamik stabil",2,mittel,202412,gültig,1723078
266,06300524,Berlepschstraße,06,5624,3,stabil,2+/-,23,"Status mittel , Dynamik stabil",2,mittel,202412,gültig,1727661
267,06300525,Zehlendorf Süd,06,5820,3,stabil,2+/-,23,"Status mittel , Dynamik stabil",2,mittel,202412,gültig,1299358
268,06300526,Zehlendorf Mitte,06,3350,3,stabil,2+/-,23,"Status mittel , Dynamik stabil",2,mittel,202412,gültig,896008
269,06300527,Sundgauer Straße,06,8541,3,stabil,2+/-,23,"Status mittel , Dynamik stabil",2,mittel,202412,gültig,970022
270,06300528,Teltower Damm,06,10947,3,stabil,1+/-,13,"Status hoch , Dynamik stabil",1,hoch,202412,gültig,3086864
271,06300629,Botanischer Garten,06,6988,3,stabil,2+/-,23,"Status mittel , Dynamik stabil",2,mittel,202412,gültig,1402670
272,06300630,Hindenburgdamm,06,5667,3,stabil,2+/-,23,"Status mittel , Dynamik stabil",2,mittel,202412,gültig,737418
273,06300631,Goerzwerke,06,2881,5,negativ,1-,15,"Status hoch , Dynamik negativ",1,hoch,202412,gültig,1765042
274,06300632,Schweizer Viertel,06,13695,3,stabil,1+/-,13,"Status hoch , Dynamik stabil",1,hoch,202412,gültig,3053576
275,06300633,Augustaplatz,06,11955,3,stabil,2+/-,23,"Status mittel , Dynamik stabil",2,mittel,202412,gültig,1651188
276,06300634,Lichterfelde West,06,8285,3,stabil,1+/-,13,"Status hoch , Dynamik stabil",1,hoch,202412,gültig,1568168
277,06400735,Wannsee,06,10188,3,stabil,1+/-,13,"Status hoch , Dynamik stabil",1,hoch,202412,gültig,23485983
278,06400736,Düppel,06,5139,3,stabil,1+/-,13,"Status hoch , Dynamik stabil",1,hoch,202412,gültig,3097359
279,06400737,Nikolassee,06,11337,3,stabil,1+/-,13,"Status hoch , Dynamik stabil",1,hoch,202412,gültig,16327698
280,06400838,Krumme Lanke,06,7341,1,positiv,1+,11,"Status hoch , Dynamik positiv",1,hoch,202412,gültig,6355830
281,06400839,Fischerhüttenstraße,06,5370,3,stabil,1+/-,13,"Status hoch , Dynamik stabil",1,hoch,202412,gültig,1814241
282,06400840,Fischtal,06,7080,3,stabil,1+/-,13,"Status hoch , Dynamik stabil",1,hoch,202412,gültig,1371777
283,06400841,Zehlendorf Eiche,06,6191,3,stabil,2+/-,23,"Status mittel , Dynamik stabil",2,mittel,202412,gültig,1091033
284,06400842,Hüttenweg,06,4773,3,stabil,1+/-,13,"Status hoch , Dynamik stabil",1,hoch,202412,gültig,2946615
285,06400843,Thielallee,06,4690,3,stabil,1+/-,13,"Status hoch , Dynamik stabil",1,hoch,202412,gültig,2090604
286,06400844,Dahlem,06,7263,3,stabil,1+/-,13,"Status hoch , Dynamik stabil",1,hoch,202412,gültig,3276976
287,07100101,Wittenbergplatz,07,9794,3,stabil,2+/-,23,"Status mittel , Dynamik stabil",2,mittel,202412,gültig,615703
288,07100102,Kalckreuthstraße,07,8696,5,negativ,2-,25,"Status mittel , Dynamik negativ",2,mittel,202412,gültig,512057
289,07100103,Frobenstraße,07,7897,3,stabil,2+/-,23,"Status mittel , Dynamik stabil",2,mittel,202412,gültig,339112
290,07100204,Barbarossaplatz,07,10425,3,stabil,2+/-,23,"Status mittel , Dynamik stabil",2,mittel,202412,gültig,510537
291,07100205,Alvenslebenstraße,07,5177,3,stabil,3+/-,33,"Status niedrig , Dynamik stabil",3,niedrig,202412,gültig,314720
292,07100206,Großgörschenstraße,07,8355,3,stabil,2+/-,23,"Status mittel , Dynamik stabil",2,mittel,202412,gültig,529950
293,07200307,Bayerischer Platz,07,10549,3,stabil,2+/-,23,"Status mittel , Dynamik stabil",2,mittel,202412,gültig,519315
294,07200308,Volkspark (Rudolph-Wilde-Park),07,10698,3,stabil,2+/-,23,"Status mittel , Dynamik stabil",2,mittel,202412,gültig,621009
295,07200409,Belziger Straße,07,9300,3,stabil,2+/-,23,"Status mittel , Dynamik stabil",2,mittel,202412,gültig,525831
296,07200410,Feurigstraße,07,5538,1,positiv,2+,21,"Status mittel , Dynamik positiv",2,mittel,202412,gültig,248217
297,07200411,Julius-Leber-Brücke,07,2741,3,stabil,2+/-,23,"Status mittel , Dynamik stabil",2,mittel,202412,gültig,133842
298,07200412,Schöneberger Linse,07,2611,5,negativ,2-,25,"Status mittel , Dynamik negativ",2,mittel,202412,gültig,229135
299,07200413,Cheruskerstraße,07,7708,3,stabil,2+/-,23,"Status mittel , Dynamik stabil",2,mittel,202412,gültig,789873
300,07200414,Hohenfriedbergstraße,07,3778,3,stabil,2+/-,23,"Status mittel , Dynamik stabil",2,mittel,202412,gültig,261227
301,07300515,Taunusstraße,07,6961,3,stabil,1+/-,13,"Status hoch , Dynamik stabil",1,hoch,202412,gültig,363661
302,07300516,Odenwaldstraße,07,8896,3,stabil,1+/-,13,"Status hoch , Dynamik stabil",1,hoch,202412,gültig,454366
303,07300517,Perelsplatz,07,10082,3,stabil,2+/-,23,"Status mittel , Dynamik stabil",2,mittel,202412,gültig,630742
304,07300618,Ceciliengärten,07,9243,3,stabil,2+/-,23,"Status mittel , Dynamik stabil",2,mittel,202412,gültig,562526
305,07300619,Grazer Platz,07,12219,3,stabil,2+/-,23,"Status mittel , Dynamik stabil",2,mittel,202412,gültig,2549601
306,07400720,Gontermannstraße,07,11668,3,stabil,2+/-,23,"Status mittel , Dynamik stabil",2,mittel,202412,gültig,1173604
307,07400721,Paradestraße,07,7639,3,stabil,2+/-,23,"Status mittel , Dynamik stabil",2,mittel,202412,gültig,4241119
308,07400822,Lindenhofsiedlung,07,3291,1,positiv,2+,21,"Status mittel , Dynamik positiv",2,mittel,202412,gültig,1439219
309,07400823,Wittekindstraße,07,9690,3,stabil,2+/-,23,"Status mittel , Dynamik stabil",2,mittel,202412,gültig,797864
310,07400824,Bosepark,07,7387,3,stabil,2+/-,23,"Status mittel , Dynamik stabil",2,mittel,202412,gültig,630793
311,07400825,Friedrich-Karl-Straße,07,7213,3,stabil,2+/-,23,"Status mittel , Dynamik stabil",2,mittel,202412,gültig,414568
312,07400826,Marienhöhe,07,5110,3,stabil,2+/-,23,"Status mittel , Dynamik stabil",2,mittel,202412,gültig,1158343
313,07400927,Rathaus Tempelhof,07,11415,3,stabil,2+/-,23,"Status mittel , Dynamik stabil",2,mittel,202412,gültig,3029861
314,07400928,Germaniagarten,07,3965,1,positiv,4+,41,"Status sehr niedrig , Dynamik positiv",4,sehr niedrig,202412,gültig,653970
315,07501029,Ringstraße,07,8544,3,stabil,2+/-,23,"Status mittel , Dynamik stabil",2,mittel,202412,gültig,1427665
316,07501030,Machonstraße,07,8753,3,stabil,2+/-,23,"Status mittel , Dynamik stabil",2,mittel,202412,gültig,591115
317,07501031,Eisenacher Straße,07,9124,3,stabil,2+/-,23,"Status mittel , Dynamik stabil",2,mittel,202412,gültig,1527056
318,07501032,Imbrosweg,07,6284,3,stabil,2+/-,23,"Status mittel , Dynamik stabil",2,mittel,202412,gültig,1219907
319,07501133,Fritz-Werner-Straße,07,8254,3,stabil,2+/-,23,"Status mittel , Dynamik stabil",2,mittel,202412,gültig,1738005
320,07501134,Hundsteinweg,07,10548,3,stabil,2+/-,23,"Status mittel , Dynamik stabil",2,mittel,202412,gültig,2230657
321,07501135,Birnhornweg,07,2257,3,stabil,1+/-,13,"Status hoch , Dynamik stabil",1,hoch,202412,gültig,549781
322,07601236,Marienfelder Allee Nordwest,07,10335,5,negativ,3-,35,"Status niedrig , Dynamik negativ",3,niedrig,202412,gültig,1135116
323,07601237,Kirchstraße,07,4785,5,negativ,1-,15,"Status hoch , Dynamik negativ",1,hoch,202412,gültig,1222664
324,07601238,Marienfelde Nordost,07,2877,3,stabil,2+/-,23,"Status mittel , Dynamik stabil",2,mittel,202412,gültig,1964102
325,07601339,Tirschenreuther Ring West,07,5721,3,stabil,3+/-,33,"Status niedrig , Dynamik stabil",3,niedrig,202412,gültig,448755
326,07601340,Tirschenreuther Ring Ost,07,6416,3,stabil,3+/-,33,"Status niedrig , Dynamik stabil",3,niedrig,202412,gültig,409478
327,07601341,Diedersdorfer Weg,07,2225,5,negativ,2-,25,"Status mittel , Dynamik negativ",2,mittel,202412,gültig,3870722
328,07601442,Kettinger Straße,07,10408,3,stabil,2+/-,23,"Status mittel , Dynamik stabil",2,mittel,202412,gültig,2322728
329,07601443,Töpchiner Weg,07,10849,3,stabil,2+/-,23,"Status mittel , Dynamik stabil",2,mittel,202412,gültig,1965184
330,07601544,John-Locke-Straße,07,9262,5,negativ,2-,25,"Status mittel , Dynamik negativ",2,mittel,202412,gültig,1111318
331,07601545,Nahariyastraße,07,8570,3,stabil,4+/-,43,"Status sehr niedrig , Dynamik stabil",4,sehr niedrig,202412,gültig,890343
332,07601546,Franziusweg,07,6977,3,stabil,1+/-,13,"Status hoch , Dynamik stabil",1,hoch,202412,gültig,1754846
333,07601547,Horstwalder Straße,07,3828,3,stabil,2+/-,23,"Status mittel , Dynamik stabil",2,mittel,202412,gültig,930767
334,07601548,Wittelsbacherstraße,07,2896,3,stabil,2+/-,23,"Status mittel , Dynamik stabil",2,mittel,202412,gültig,957364
335,08100101,Hasenheide,08,4626,3,stabil,2+/-,23,"Status mittel , Dynamik stabil",2,mittel,202412,gültig,858539
336,08100102,Schillerpromenade Nord,08,8181,3,stabil,2+/-,23,"Status mittel , Dynamik stabil",2,mittel,202412,gültig,584232
337,08100103,Schillerpromenade Süd,08,7205,1,positiv,2+,21,"Status mittel , Dynamik positiv",2,mittel,202412,gültig,474742
338,08100104,Wartheplatz,08,6699,3,stabil,4+/-,43,"Status sehr niedrig , Dynamik stabil",4,sehr niedrig,202412,gültig,546035
339,08100105,Silbersteinstraße,08,6338,1,positiv,3+,31,"Status niedrig , Dynamik positiv",3,niedrig,202412,gültig,459389
340,08100206,Flughafenstraße,08,9350,3,stabil,2+/-,23,"Status mittel , Dynamik stabil",2,mittel,202412,gültig,417843
341,08100207,Rollberg,08,7442,1,positiv,4+,41,"Status sehr niedrig , Dynamik positiv",4,sehr niedrig,202412,gültig,368289
342,08100208,Körnerpark,08,11955,1,positiv,2+,21,"Status mittel , Dynamik positiv",2,mittel,202412,gültig,548497
343,08100209,Glasower Straße,08,8834,1,positiv,3+,31,"Status niedrig , Dynamik positiv",3,niedrig,202412,gültig,583700
344,08100310,Maybachufer,08,7560,1,positiv,2+,21,"Status mittel , Dynamik positiv",2,mittel,202412,gültig,252574
345,08100311,Reuterplatz,08,7076,3,stabil,2+/-,23,"Status mittel , Dynamik stabil",2,mittel,202412,gültig,257228
346,08100312,Weichselplatz,08,11499,3,stabil,2+/-,23,"Status mittel , Dynamik stabil",2,mittel,202412,gültig,511308
347,08100313,Bouchéstraße,08,3740,3,stabil,2+/-,23,"Status mittel , Dynamik stabil",2,mittel,202412,gültig,138784
348,08100314,Donaustraße,08,7930,3,stabil,2+/-,23,"Status mittel , Dynamik stabil",2,mittel,202412,gültig,253541
349,08100415,Ganghoferstraße,08,6388,3,stabil,2+/-,23,"Status mittel , Dynamik stabil",2,mittel,202412,gültig,252992
350,08100416,Alt-Rixdorf,08,6577,3,stabil,2+/-,23,"Status mittel , Dynamik stabil",2,mittel,202412,gültig,331195
351,08100417,Braunschweiger Straße,08,9569,1,positiv,3+,31,"Status niedrig , Dynamik positiv",3,niedrig,202412,gültig,408848
352,08100418,Hertzbergplatz,08,9193,3,stabil,2+/-,23,"Status mittel , Dynamik stabil",2,mittel,202412,gültig,634510
353,08100419,Treptower Straße Nord,08,7192,3,stabil,4+/-,43,"Status sehr niedrig , Dynamik stabil",4,sehr niedrig,202412,gültig,426761
354,08100520,Weiße Siedlung,08,5737,3,stabil,4+/-,43,"Status sehr niedrig , Dynamik stabil",4,sehr niedrig,202412,gültig,1110302
355,08100521,Schulenburgpark,08,9457,3,stabil,4+/-,43,"Status sehr niedrig , Dynamik stabil",4,sehr niedrig,202412,gültig,2176810
356,08200622,Jahnstraße,08,5860,1,positiv,4+,41,"Status sehr niedrig , Dynamik positiv",4,sehr niedrig,202412,gültig,660802
357,08200623,Park am Buschkrug,08,6692,1,positiv,2+,21,"Status mittel , Dynamik positiv",2,mittel,202412,gültig,1167951
358,08200624,Tempelhofer Weg,08,8988,3,stabil,3+/-,33,"Status niedrig , Dynamik stabil",3,niedrig,202412,gültig,1178131
359,08200725,Mohriner Allee Nord,08,2524,5,negativ,2-,25,"Status mittel , Dynamik negativ",2,mittel,202412,gültig,1613873
360,08200726,Hufeisensiedlung,08,6109,3,stabil,2+/-,23,"Status mittel , Dynamik stabil",2,mittel,202412,gültig,978826
361,08200727,Parchimer Allee Süd,08,8115,3,stabil,2+/-,23,"Status mittel , Dynamik stabil",2,mittel,202412,gültig,1144960
362,08200728,Ortolanweg,08,1206,5,negativ,3-,35,"Status niedrig , Dynamik negativ",3,niedrig,202412,gültig,1174886
363,08200729,Britzer Garten,08,1869,5,negativ,1-,15,"Status hoch , Dynamik negativ",1,hoch,202412,gültig,3120171
364,08200730,Handwerker-Siedlung,08,3373,3,stabil,2+/-,23,"Status mittel , Dynamik stabil",2,mittel,202412,gültig,1362394
365,08200831,Buckow West,08,8275,3,stabil,2+/-,23,"Status mittel , Dynamik stabil",2,mittel,202412,gültig,1442249
366,08200832,Buckow Mitte,08,12116,3,stabil,2+/-,23,"Status mittel , Dynamik stabil",2,mittel,202412,gültig,2011288
367,08200833,Buckow Ost,08,9255,3,stabil,2+/-,23,"Status mittel , Dynamik stabil",2,mittel,202412,gültig,1095566
368,08300934,Gropiusstadt Nord-West,08,12623,1,positiv,3+,31,"Status niedrig , Dynamik positiv",3,niedrig,202412,gültig,838907
369,08300935,Gropiusstadt Süd-West,08,7611,1,positiv,2+,21,"Status mittel , Dynamik positiv",2,mittel,202412,gültig,670368
370,08301036,Gropiusstadt Mitte,08,7448,1,positiv,2+,21,"Status mittel , Dynamik positiv",2,mittel,202412,gültig,687736
371,08301037,Gropiusstadt Süd-Ost,08,11049,3,stabil,3+/-,33,"Status niedrig , Dynamik stabil",3,niedrig,202412,gültig,433478
372,08401138,Goldhähnchenweg,08,2900,3,stabil,4+/-,43,"Status sehr niedrig , Dynamik stabil",4,sehr niedrig,202412,gültig,132293
373,08401139,Vogelviertel Süd,08,4092,3,stabil,2+/-,23,"Status mittel , Dynamik stabil",2,mittel,202412,gültig,818389
374,08401140,Vogelviertel Nord,08,2670,3,stabil,2+/-,23,"Status mittel , Dynamik stabil",2,mittel,202412,gültig,436410
375,08401241,Blumenviertel,08,8319,3,stabil,2+/-,23,"Status mittel , Dynamik stabil",2,mittel,202412,gültig,2098393
376,08401242,Zittauer Straße,08,6893,3,stabil,2+/-,23,"Status mittel , Dynamik stabil",2,mittel,202412,gültig,1902103
377,08401243,Alt-Rudow,08,10078,3,stabil,2+/-,23,"Status mittel , Dynamik stabil",2,mittel,202412,gültig,2482003
378,08401244,Waßmannsdorfer Chaussee,08,7315,5,negativ,2-,25,"Status mittel , Dynamik negativ",2,mittel,202412,gültig,2746658
379,08401245,Frauenviertel,08,3720,3,stabil,2+/-,23,"Status mittel , Dynamik stabil",2,mittel,202412,gültig,466551
380,08401246,Waltersdorfer Chaussee Ost,08,7840,5,negativ,2-,25,"Status mittel , Dynamik negativ",2,mittel,202412,gültig,2221405
381,09100101,Alt-Treptow,09,13453,3,stabil,2+/-,23,"Status mittel , Dynamik stabil",2,mittel,202412,gültig,2293738
382,09100202,Plänterwald West,09,4280,3,stabil,2+/-,23,"Status mittel , Dynamik stabil",2,mittel,202412,gültig,845986
383,09100203,Plänterwald Ost,09,7473,3,stabil,2+/-,23,"Status mittel , Dynamik stabil",2,mittel,202412,gültig,2125255
384,09100304,Baumschulenweg West,09,12007,3,stabil,2+/-,23,"Status mittel , Dynamik stabil",2,mittel,202412,gültig,1598659
385,09100305,Baumschulenweg Ost,09,4338,3,stabil,2+/-,23,"Status mittel , Dynamik stabil",2,mittel,202412,gültig,492158
386,09100306,Späthsfelde,09,3059,3,stabil,1+/-,13,"Status hoch , Dynamik stabil",1,hoch,202412,gültig,2695626
387,09100407,Johannisthal West,09,8670,3,stabil,2+/-,23,"Status mittel , Dynamik stabil",2,mittel,202412,gültig,3215345
388,09100408,Johannisthal Ost,09,8870,3,stabil,2+/-,23,"Status mittel , Dynamik stabil",2,mittel,202412,gültig,759166
389,09100409,Landschaftspark Adlershof,09,4096,5,negativ,2-,25,"Status mittel , Dynamik negativ",2,mittel,202412,gültig,2957947
390,09200510,Helmholtz-Kiez,09,8024,3,stabil,2+/-,23,"Status mittel , Dynamik stabil",2,mittel,202412,gültig,2309036
391,09200511,Griechischer Park,09,13207,3,stabil,2+/-,23,"Status mittel , Dynamik stabil",2,mittel,202412,gültig,1345570
392,09200512,Wuhlheide,09,4433,3,stabil,2+/-,23,"Status mittel , Dynamik stabil",2,mittel,202412,gültig,4206389
393,09200613,Bahnhof Schöneweide,09,10704,3,stabil,2+/-,23,"Status mittel , Dynamik stabil",2,mittel,202412,gültig,1886761
394,09200614,Oberspree,09,3804,3,stabil,2+/-,23,"Status mittel , Dynamik stabil",2,mittel,202412,gültig,1061880
395,09200715,Wista,09,4259,5,negativ,2-,25,"Status mittel , Dynamik negativ",2,mittel,202412,gültig,2643699
396,09200716,Dörpfeldstraße West,09,8373,3,stabil,2+/-,23,"Status mittel , Dynamik stabil",2,mittel,202412,gültig,938252
397,09200717,Dörpfeldstraße Ost,09,9785,3,stabil,2+/-,23,"Status mittel , Dynamik stabil",2,mittel,202412,gültig,2520102
398,09200818,Spindlersfeld,09,4330,3,stabil,2+/-,23,"Status mittel , Dynamik stabil",2,mittel,202412,gültig,566098
399,09200819,Köllnische Vorstadt,09,8588,1,positiv,2+,21,"Status mittel , Dynamik positiv",2,mittel,202412,gültig,1535926
400,09300920,Dorf Altglienicke,09,13253,3,stabil,2+/-,23,"Status mittel , Dynamik stabil",2,mittel,202412,gültig,4259129
401,09300921,Preußen Siedlung,09,2878,3,stabil,1+/-,13,"Status hoch , Dynamik stabil",1,hoch,202412,gültig,1446503
402,09300922,Kosmos Viertel,09,6013,3,stabil,4+/-,43,"Status sehr niedrig , Dynamik stabil",4,sehr niedrig,202412,gültig,376737
403,09300923,Kölner Viertel,09,9100,3,stabil,2+/-,23,"Status mittel , Dynamik stabil",2,mittel,202412,gültig,1549640
404,09301024,Falkenberg,09,3776,3,stabil,2+/-,23,"Status mittel , Dynamik stabil",2,mittel,202412,gültig,1136122
405,09301025,Alt-Bohnsdorf,09,11919,3,stabil,2+/-,23,"Status mittel , Dynamik stabil",2,mittel,202412,gültig,5473147
406,09301126,Grünau,09,8376,3,stabil,1+/-,13,"Status hoch , Dynamik stabil",1,hoch,202412,gültig,9073342
407,09301227,Karolinenhof,09,1852,1,positiv,1+,11,"Status hoch , Dynamik positiv",1,hoch,202412,gültig,2330705
408,09301228,Schmöckwitz/Rauchfangswerder,09,2635,3,stabil,1+/-,13,"Status hoch , Dynamik stabil",1,hoch,202412,gültig,14591980
409,09401329,Kietzer Feld/Nachtheide,09,11009,5,negativ,2-,25,"Status mittel , Dynamik negativ",2,mittel,202412,gültig,16848613
410,09401330,Wendenschloß,09,1916,3,stabil,1+/-,13,"Status hoch , Dynamik stabil",1,hoch,202412,gültig,954028
411,09401431,Allende I,09,5992,5,negativ,2-,25,"Status mittel , Dynamik negativ",2,mittel,202412,gültig,508471
412,09401432,Siedlung Kämmereiheide,09,1572,5,negativ,2-,25,"Status mittel , Dynamik negativ",2,mittel,202412,gültig,929357
413,09401433,Allende II,09,4478,1,positiv,2+,21,"Status mittel , Dynamik positiv",2,mittel,202412,gültig,1971176
414,09401534,Altstadt Köpenick,09,7494,3,stabil,2+/-,23,"Status mittel , Dynamik stabil",2,mittel,202412,gültig,788920
415,09401635,Müggelheim,09,7059,3,stabil,1+/-,13,"Status hoch , Dynamik stabil",1,hoch,202412,gültig,21975374
416,09501736,Hirschgarten,09,4677,5,negativ,2-,25,"Status mittel , Dynamik negativ",2,mittel,202412,gültig,2845220
417,09501737,Alt-Friedrichshagen,09,14359,3,stabil,2+/-,23,"Status mittel , Dynamik stabil",2,mittel,202412,gültig,11062753
418,09501838,Rahnsdorf,09,11138,3,stabil,1+/-,13,"Status hoch , Dynamik stabil",1,hoch,202412,gültig,21236959
419,09501939,Bahnhofstraße,09,6829,5,negativ,2-,25,"Status mittel , Dynamik negativ",2,mittel,202412,gültig,1131415
420,09501940,Güterbahnhof Köpenick,09,2759,3,stabil,2+/-,23,"Status mittel , Dynamik stabil",2,mittel,202412,gültig,590367
421,09501941,Friedrichshagener Straße,09,2937,5,negativ,2-,25,"Status mittel , Dynamik negativ",2,mittel,202412,gültig,1035607
422,09502042,Mittelheide,09,4315,3,stabil,1+/-,13,"Status hoch , Dynamik stabil",1,hoch,202412,gültig,3166112
423,09502043,Dammheide,09,9147,3,stabil,2+/-,23,"Status mittel , Dynamik stabil",2,mittel,202412,gültig,4730072
424,10100101,Marzahn West,10,5837,1,positiv,4+,41,"Status sehr niedrig , Dynamik positiv",4,sehr niedrig,202412,gültig,690795
425,10100102,Rosenbecker Straße,10,3680,1,positiv,3+,31,"Status niedrig , Dynamik positiv",3,niedrig,202412,gültig,325474
426,10100103,Wittenberger Straße,10,8110,5,negativ,3-,35,"Status niedrig , Dynamik negativ",3,niedrig,202412,gültig,681687
427,10100104,Golliner Straße,10,7521,3,stabil,4+/-,43,"Status sehr niedrig , Dynamik stabil",4,sehr niedrig,202412,gültig,878737
428,10100205,Gewerbegebiet Bitterfelder Straße,10,1221,-9999,Planungsraum ohne Zuordnung,Planungsraum ohne Zuordnung,-9999,Planungsraum ohne Zuordnung,-9999,Planungsraum ohne Zuordnung,202412,ungültig (Ausreißer),3574025
429,10100206,Wuhletalstraße,10,11809,3,stabil,2+/-,23,"Status mittel , Dynamik stabil",2,mittel,202412,gültig,839376
430,10100207,Ahrensfelder Berge,10,8320,3,stabil,3+/-,33,"Status niedrig , Dynamik stabil",3,niedrig,202412,gültig,1090912
431,10100208,Bürgerpark,10,10330,1,positiv,2+,21,"Status mittel , Dynamik positiv",2,mittel,202412,gültig,805013
432,10100209,Lea-Grundig-Straße,10,9642,3,stabil,2+/-,23,"Status mittel , Dynamik stabil",2,mittel,202412,gültig,673170
433,10100210,Marzahner Promenade,10,10868,3,stabil,3+/-,33,"Status niedrig , Dynamik stabil",3,niedrig,202412,gültig,876313
434,10100311,Marzahner Chaussee,10,2670,3,stabil,2+/-,23,"Status mittel , Dynamik stabil",2,mittel,202412,gültig,3960839
435,10100312,Springpfuhl,10,16216,5,negativ,2-,25,"Status mittel , Dynamik negativ",2,mittel,202412,gültig,1200632
436,10100313,Alt-Marzahn,10,4981,3,stabil,2+/-,23,"Status mittel , Dynamik stabil",2,mittel,202412,gültig,1090363
437,10100314,Auersbergstraße,10,6455,3,stabil,2+/-,23,"Status mittel , Dynamik stabil",2,mittel,202412,gültig,467079
438,10100315,Bärenstein,10,8228,3,stabil,2+/-,23,"Status mittel , Dynamik stabil",2,mittel,202412,gültig,641684
439,10100316,Landsberger Tor,10,3696,3,stabil,2+/-,23,"Status mittel , Dynamik stabil",2,mittel,202412,gültig,1596116
440,10200417,Zossener Straße,10,8063,3,stabil,4+/-,43,"Status sehr niedrig , Dynamik stabil",4,sehr niedrig,202412,gültig,447114
441,10200418,Kyritzer Straße,10,7367,1,positiv,2+,21,"Status mittel , Dynamik positiv",2,mittel,202412,gültig,637609
442,10200419,Havelländer Ring,10,4357,3,stabil,2+/-,23,"Status mittel , Dynamik stabil",2,mittel,202412,gültig,201997
443,10200420,Gut Hellersdorf,10,9010,3,stabil,4+/-,43,"Status sehr niedrig , Dynamik stabil",4,sehr niedrig,202412,gültig,761918
444,10200421,Helle Mitte,10,1757,3,stabil,2+/-,23,"Status mittel , Dynamik stabil",2,mittel,202412,gültig,162494
445,10200422,Hellersdorfer Promenade,10,7368,1,positiv,4+,41,"Status sehr niedrig , Dynamik positiv",4,sehr niedrig,202412,gültig,448202
446,10200423,Böhlener Straße,10,6138,3,stabil,4+/-,43,"Status sehr niedrig , Dynamik stabil",4,sehr niedrig,202412,gültig,913637
447,10200524,Adele-Sandrock-Straße,10,11814,3,stabil,2+/-,23,"Status mittel , Dynamik stabil",2,mittel,202412,gültig,1102528
448,10200525,Schleipfuhl,10,5380,3,stabil,4+/-,43,"Status sehr niedrig , Dynamik stabil",4,sehr niedrig,202412,gültig,472135
449,10200526,Boulevard Kastanienallee,10,6241,3,stabil,4+/-,43,"Status sehr niedrig , Dynamik stabil",4,sehr niedrig,202412,gültig,522426
450,10200627,Am Kienberg,10,3689,3,stabil,2+/-,23,"Status mittel , Dynamik stabil",2,mittel,202412,gültig,528993
451,10200628,Neue Grottkauer Straße,10,6514,3,stabil,4+/-,43,"Status sehr niedrig , Dynamik stabil",4,sehr niedrig,202412,gültig,494523
452,10200629,Teterower Ring,10,9187,3,stabil,2+/-,23,"Status mittel , Dynamik stabil",2,mittel,202412,gültig,990960
453,10200630,Cecilienplatz,10,6627,5,negativ,2-,25,"Status mittel , Dynamik negativ",2,mittel,202412,gültig,374278
454,10300731,Oberfeldstraße,10,7926,3,stabil,1+/-,13,"Status hoch , Dynamik stabil",1,hoch,202412,gültig,2719122
455,10300732,Buckower Ring,10,7237,3,stabil,2+/-,23,"Status mittel , Dynamik stabil",2,mittel,202412,gültig,2042847
456,10300733,Alt-Biesdorf,10,5190,3,stabil,2+/-,23,"Status mittel , Dynamik stabil",2,mittel,202412,gültig,2377424
457,10300734,Biesdorf Süd,10,10606,3,stabil,1+/-,13,"Status hoch , Dynamik stabil",1,hoch,202412,gültig,5159094
458,10400835,Kaulsdorf Nord,10,7832,3,stabil,1+/-,13,"Status hoch , Dynamik stabil",1,hoch,202412,gültig,2531110
459,10400836,Alt-Kaulsdorf,10,3981,5,negativ,2-,25,"Status mittel , Dynamik negativ",2,mittel,202412,gültig,1337720
460,10400837,Kaulsdorf Süd,10,7870,3,stabil,1+/-,13,"Status hoch , Dynamik stabil",1,hoch,202412,gültig,4826320
461,10400938,Mahlsdorf Nord,10,10234,3,stabil,1+/-,13,"Status hoch , Dynamik stabil",1,hoch,202412,gültig,4187007
462,10400939,Alt-Mahlsdorf,10,4529,3,stabil,1+/-,13,"Status hoch , Dynamik stabil",1,hoch,202412,gültig,1882771
463,10400940,Elsensee,10,5847,3,stabil,1+/-,13,"Status hoch , Dynamik stabil",1,hoch,202412,gültig,3135825
464,10400941,Pilgramer Straße,10,9743,3,stabil,1+/-,13,"Status hoch , Dynamik stabil",1,hoch,202412,gültig,3657712
465,11100101,Dörfer Malchow-Wartenberg,11,3356,3,stabil,1+/-,13,"Status hoch , Dynamik stabil",1,hoch,202412,gültig,8392818
466,11100102,Dorf Falkenberg,11,3095,3,stabil,2+/-,23,"Status mittel , Dynamik stabil",2,mittel,202412,gültig,3035164
467,11100203,Falkenberg Ost,11,9394,3,stabil,4+/-,43,"Status sehr niedrig , Dynamik stabil",4,sehr niedrig,202412,gültig,903356
468,11100204,Falkenberg West,11,7463,3,stabil,2+/-,23,"Status mittel , Dynamik stabil",2,mittel,202412,gültig,770600
469,11100205,Wartenberg Süd,11,6304,3,stabil,4+/-,43,"Status sehr niedrig , Dynamik stabil",4,sehr niedrig,202412,gültig,452655
470,11100206,Wartenberg Nord,11,7807,3,stabil,4+/-,43,"Status sehr niedrig , Dynamik stabil",4,sehr niedrig,202412,gültig,654315
471,11100307,Zingster Straße Ost,11,11702,3,stabil,3+/-,33,"Status niedrig , Dynamik stabil",3,niedrig,202412,gültig,725246
472,11100308,Zingster Straße West,11,9886,1,positiv,4+,41,"Status sehr niedrig , Dynamik positiv",4,sehr niedrig,202412,gültig,897036
473,11100309,Mühlengrund,11,6569,3,stabil,2+/-,23,"Status mittel , Dynamik stabil",2,mittel,202412,gültig,700776
474,11200410,Malchower Weg,11,10413,3,stabil,2+/-,23,"Status mittel , Dynamik stabil",2,mittel,202412,gültig,2216091
475,11200411,Hauptstraße,11,6917,5,negativ,2-,25,"Status mittel , Dynamik negativ",2,mittel,202412,gültig,2502116
476,11200512,Orankesee,11,3999,5,negativ,2-,25,"Status mittel , Dynamik negativ",2,mittel,202412,gültig,1921843
477,11200513,Große-Leege-Straße,11,10466,3,stabil,2+/-,23,"Status mittel , Dynamik stabil",2,mittel,202412,gültig,682899
478,11200514,Landsberger Allee,11,16289,3,stabil,2+/-,23,"Status mittel , Dynamik stabil",2,mittel,202412,gültig,932565
479,11200515,Weiße Taube,11,5002,3,stabil,1+/-,13,"Status hoch , Dynamik stabil",1,hoch,202412,gültig,1025785
480,11300616,Hohenschönhauser Straße,11,5992,3,stabil,4+/-,43,"Status sehr niedrig , Dynamik stabil",4,sehr niedrig,202412,gültig,413724
481,11300617,Fennpfuhlpark,11,4407,3,stabil,3+/-,33,"Status niedrig , Dynamik stabil",3,niedrig,202412,gültig,471048
482,11300618,Storkower Bogen,11,3850,3,stabil,2+/-,23,"Status mittel , Dynamik stabil",2,mittel,202412,gültig,318434
483,11300619,Rudolf-Seiffert-Park,11,8889,1,positiv,2+,21,"Status mittel , Dynamik positiv",2,mittel,202412,gültig,369468
484,11300620,Fennpfuhl Ost,11,11346,3,stabil,2+/-,23,"Status mittel , Dynamik stabil",2,mittel,202412,gültig,552280
485,11300721,Herzbergstraße,11,6848,3,stabil,2+/-,23,"Status mittel , Dynamik stabil",2,mittel,202412,gültig,3831810
486,11300722,Rathaus Lichtenberg,11,10326,3,stabil,2+/-,23,"Status mittel , Dynamik stabil",2,mittel,202412,gültig,882354
487,11300723,Bornitzstraße,11,2581,5,negativ,2-,25,"Status mittel , Dynamik negativ",2,mittel,202412,gültig,493827
488,11300724,Roedeliusplatz,11,4372,1,positiv,2+,21,"Status mittel , Dynamik positiv",2,mittel,202412,gültig,407950
489,11300725,Nibelungenviertel,11,10202,3,stabil,2+/-,23,"Status mittel , Dynamik stabil",2,mittel,202412,gültig,677606
490,11300826,Frankfurter Allee Süd,11,10508,3,stabil,2+/-,23,"Status mittel , Dynamik stabil",2,mittel,202412,gültig,1044389
491,11400927,Victoriastadt,11,4173,3,stabil,2+/-,23,"Status mittel , Dynamik stabil",2,mittel,202412,gültig,370933
492,11400928,Nöldnerplatz,11,2933,3,stabil,2+/-,23,"Status mittel , Dynamik stabil",2,mittel,202412,gültig,579176
493,11400929,Weitlingkiez,11,16901,3,stabil,2+/-,23,"Status mittel , Dynamik stabil",2,mittel,202412,gültig,834933
494,11400930,Zachertstraße,11,4760,3,stabil,2+/-,23,"Status mittel , Dynamik stabil",2,mittel,202412,gültig,400700
495,11400931,Massower Straße,11,7064,3,stabil,2+/-,23,"Status mittel , Dynamik stabil",2,mittel,202412,gültig,411662
496,11401032,Rosenfelder Ring,11,6292,3,stabil,2+/-,23,"Status mittel , Dynamik stabil",2,mittel,202412,gültig,562767
497,11401033,Gensinger Straße,11,6890,3,stabil,2+/-,23,"Status mittel , Dynamik stabil",2,mittel,202412,gültig,449350
498,11401034,Tierpark,11,3379,3,stabil,2+/-,23,"Status mittel , Dynamik stabil",2,mittel,202412,gültig,1718280
499,11401135,Dolgenseestraße,11,11011,1,positiv,2+,21,"Status mittel , Dynamik positiv",2,mittel,202412,gültig,693803
500,11401136,Volkradstraße,11,8336,3,stabil,2+/-,23,"Status mittel , Dynamik stabil",2,mittel,202412,gültig,790155
501,11401137,Erieseering,11,9004,3,stabil,2+/-,23,"Status mittel , Dynamik stabil",2,mittel,202412,gültig,711920
502,11501238,Rummelsburg,11,4899,1,positiv,1+,11,"Status hoch , Dynamik positiv",1,hoch,202412,gültig,2380216
503,11501339,Karlshorst West,11,10574,5,negativ,2-,25,"Status mittel , Dynamik negativ",2,mittel,202412,gültig,985208
504,11501340,Karlshorst Nord,11,11246,5,negativ,2-,25,"Status mittel , Dynamik negativ",2,mittel,202412,gültig,3268007
505,11501341,Karlshorst Süd,11,10103,1,positiv,1+,11,"Status hoch , Dynamik positiv",1,hoch,202412,gültig,2273197
506,12100101,Letteplatz,12,11188,3,stabil,3+/-,33,"Status niedrig , Dynamik stabil",3,niedrig,202412,gültig,774754
507,12100102,Hausotterplatz,12,9980,3,stabil,3+/-,33,"Status niedrig , Dynamik stabil",3,niedrig,202412,gültig,804163
508,12100103,Breitkopfbecken,12,7592,3,stabil,3+/-,33,"Status niedrig , Dynamik stabil",3,niedrig,202412,gültig,715489
509,12100204,Schäfersee,12,9554,1,positiv,2+,21,"Status mittel , Dynamik positiv",2,mittel,202412,gültig,1107483
510,12100205,Teichstraße,12,13988,5,negativ,3-,35,"Status niedrig , Dynamik negativ",3,niedrig,202412,gültig,3351647
511,12100206,Humboldtstraße,12,4780,3,stabil,2+/-,23,"Status mittel , Dynamik stabil",2,mittel,202412,gültig,753875
512,12200307,Reinickes Hof,12,2804,5,negativ,3-,35,"Status niedrig , Dynamik negativ",3,niedrig,202412,gültig,529187
513,12200308,Meller Bogen,12,5868,3,stabil,2+/-,23,"Status mittel , Dynamik stabil",2,mittel,202412,gültig,523813
514,12200309,Scharnweberstraße,12,11286,3,stabil,4+/-,43,"Status sehr niedrig , Dynamik stabil",4,sehr niedrig,202412,gültig,702535
515,12200310,Klixstraße,12,8284,3,stabil,4+/-,43,"Status sehr niedrig , Dynamik stabil",4,sehr niedrig,202412,gültig,813715
516,12200411,Schumacher-Quartier,12,294,-9999,Planungsraum ohne Zuordnung,Planungsraum ohne Zuordnung,-9999,Planungsraum ohne Zuordnung,-9999,Planungsraum ohne Zuordnung,202412,ungültig (EW unter 300),665527
517,12200412,Waldidyll/Flughafensee,12,6518,5,negativ,2-,25,"Status mittel , Dynamik negativ",2,mittel,202412,gültig,5905038
518,12200413,Tegel Süd,12,8103,3,stabil,3+/-,33,"Status niedrig , Dynamik stabil",3,niedrig,202412,gültig,749911
519,12200414,TXL,12,5440,3,stabil,1+/-,13,"Status hoch , Dynamik stabil",1,hoch,202412,gültig,5943649
520,12200515,Alt-Tegel,12,11322,3,stabil,2+/-,23,"Status mittel , Dynamik stabil",2,mittel,202412,gültig,2376511
521,12400616,Konradshöhe/Tegelort,12,6113,3,stabil,1+/-,13,"Status hoch , Dynamik stabil",1,hoch,202412,gültig,2320369
522,12400617,Alt-Heiligensee,12,6704,3,stabil,1+/-,13,"Status hoch , Dynamik stabil",1,hoch,202412,gültig,5324772
523,12400618,Heiligensee Nord,12,3789,3,stabil,1+/-,13,"Status hoch , Dynamik stabil",1,hoch,202412,gültig,3228052
524,12400619,Heiligensee,12,7726,3,stabil,1+/-,13,"Status hoch , Dynamik stabil",1,hoch,202412,gültig,17803203
525,12400720,Frohnau West,12,8480,3,stabil,1+/-,13,"Status hoch , Dynamik stabil",1,hoch,202412,gültig,2733782
526,12400721,Frohnau Ost,12,7891,3,stabil,1+/-,13,"Status hoch , Dynamik stabil",1,hoch,202412,gültig,5062046
527,12400722,Hermsdorf West,12,8517,3,stabil,1+/-,13,"Status hoch , Dynamik stabil",1,hoch,202412,gültig,3138389
528,12400723,Hermsdorf Ost/Waldsee,12,8090,3,stabil,1+/-,13,"Status hoch , Dynamik stabil",1,hoch,202412,gültig,2882714
529,12500824,Ziekowstraße/Freie Scholle,12,9681,3,stabil,2+/-,23,"Status mittel , Dynamik stabil",2,mittel,202412,gültig,2213250
530,12500825,Borsigwalde,12,7079,3,stabil,2+/-,23,"Status mittel , Dynamik stabil",2,mittel,202412,gültig,1836507
531,12500926,Wittenau Mitte,12,5181,3,stabil,2+/-,23,"Status mittel , Dynamik stabil",2,mittel,202412,gültig,941020
532,12500927,Wittenau Nord,12,6874,3,stabil,2+/-,23,"Status mittel , Dynamik stabil",2,mittel,202412,gültig,2478280
533,12500928,Waidmannslust,12,5158,3,stabil,2+/-,23,"Status mittel , Dynamik stabil",2,mittel,202412,gültig,1720779
534,12500929,Lübars,12,5104,3,stabil,1+/-,13,"Status hoch , Dynamik stabil",1,hoch,202412,gültig,4980805
535,12500930,Wittenau Süd,12,9873,3,stabil,2+/-,23,"Status mittel , Dynamik stabil",2,mittel,202412,gültig,1602751
536,12601031,Lübarser Straße,12,3333,5,negativ,2-,25,"Status mittel , Dynamik negativ",2,mittel,202412,gültig,1127049
537,12601032,Rollbergesiedlung,12,6250,1,positiv,4+,41,"Status sehr niedrig , Dynamik positiv",4,sehr niedrig,202412,gültig,498177
538,12601133,Treuenbrietzener Straße,12,11448,1,positiv,4+,41,"Status sehr niedrig , Dynamik positiv",4,sehr niedrig,202412,gültig,912538
539,12601134,Märkisches Zentrum,12,16006,3,stabil,4+/-,43,"Status sehr niedrig , Dynamik stabil",4,sehr niedrig,202412,gültig,1120516
540,12601235,Dannenwalder Weg,12,10610,1,positiv,4+,41,"Status sehr niedrig , Dynamik positiv",4,sehr niedrig,202412,gültig,519919
541,12601236,Schorfheidestraße,12,3190,5,negativ,2-,25,"Status mittel , Dynamik negativ",2,mittel,202412,gültig,574439
